{
    "AUC": {
        "loss": {
            "seq_len=64": 0.498662,
            "seq_len=128": 0.5039589999999999,
            "seq_len=256": 0.508951,
            "seq_len=512": 0.511164,
            "seq_len=1024": 0.5159025,
            "seq_len=2048": 0.503484
        },
        "minkprob": {
            "seq_len=64": 0.500593,
            "seq_len=128": 0.501057,
            "seq_len=256": 0.499816,
            "seq_len=512": 0.49993000000000004,
            "seq_len=1024": 0.514733,
            "seq_len=2048": 0.49908699999999995
        },
        "ratio": {
            "seq_len=64": 0.5098309999999999,
            "seq_len=128": 0.503557,
            "seq_len=256": 0.4976295,
            "seq_len=512": 0.4979915,
            "seq_len=1024": 0.49224749999999995,
            "seq_len=2048": 0.49285100000000004
        },
        "ltiqr": {
            "seq_len=64": 0.537595,
            "seq_len=128": 0.5467585,
            "seq_len=256": 0.5435445,
            "seq_len=512": 0.53746,
            "seq_len=1024": 0.5227585,
            "seq_len=2048": 0.523922
        },
        "ltmean": {
            "seq_len=64": 0.494036,
            "seq_len=128": 0.49849150000000003,
            "seq_len=256": 0.5041315,
            "seq_len=512": 0.507061,
            "seq_len=1024": 0.51328,
            "seq_len=2048": 0.5016575
        },
        "ltslope": {
            "seq_len=64": 0.5361710000000001,
            "seq_len=128": 0.5375765,
            "seq_len=256": 0.5343220000000001,
            "seq_len=512": 0.5340785,
            "seq_len=1024": 0.5234795,
            "seq_len=2048": 0.5163595
        },
        "clfa": {
            "seq_len=64": 0.508876,
            "seq_len=128": 0.526223,
            "seq_len=256": 0.5386005,
            "seq_len=512": 0.563218,
            "seq_len=1024": 0.575006,
            "seq_len=2048": 0.5767515
        },
        "fod_mean": {
            "seq_len=64": 0.5033515,
            "seq_len=128": 0.5055324999999999,
            "seq_len=256": 0.510876,
            "seq_len=512": 0.5142165,
            "seq_len=1024": 0.5172224999999999,
            "seq_len=2048": 0.504008
        },
        "fod_abs_mean": {
            "seq_len=64": 0.508876,
            "seq_len=128": 0.526223,
            "seq_len=256": 0.5386005,
            "seq_len=512": 0.563218,
            "seq_len=1024": 0.575006,
            "seq_len=2048": 0.5767515
        },
        "ema_iqr_0.1": {
            "seq_len=64": 0.537668,
            "seq_len=128": 0.547382,
            "seq_len=256": 0.5437,
            "seq_len=512": 0.537007,
            "seq_len=1024": 0.5223720000000001,
            "seq_len=2048": 0.523354
        },
        "ema_iqr_0.5": {
            "seq_len=64": 0.536535,
            "seq_len=128": 0.54533,
            "seq_len=256": 0.5421339999999999,
            "seq_len=512": 0.536097,
            "seq_len=1024": 0.521321,
            "seq_len=2048": 0.519074
        },
        "ema_slope_0.1": {
            "seq_len=64": 0.535973,
            "seq_len=128": 0.537325,
            "seq_len=256": 0.534454,
            "seq_len=512": 0.53399,
            "seq_len=1024": 0.523767,
            "seq_len=2048": 0.516501
        },
        "ema_slope_0.5": {
            "seq_len=64": 0.534564,
            "seq_len=128": 0.535113,
            "seq_len=256": 0.534596,
            "seq_len=512": 0.53326,
            "seq_len=1024": 0.526073,
            "seq_len=2048": 0.5174810000000001
        }
    },
    "TPR": {
        "loss": {
            "seq_len=64": 0.013,
            "seq_len=128": 0.005,
            "seq_len=256": 0.015,
            "seq_len=512": 0.011,
            "seq_len=1024": 0.012,
            "seq_len=2048": 0.015
        },
        "minkprob": {
            "seq_len=64": 0.011,
            "seq_len=128": 0.003,
            "seq_len=256": 0.017,
            "seq_len=512": 0.014,
            "seq_len=1024": 0.016,
            "seq_len=2048": 0.017
        },
        "ratio": {
            "seq_len=64": 0.008,
            "seq_len=128": 0.008,
            "seq_len=256": 0.006,
            "seq_len=512": 0.018,
            "seq_len=1024": 0.009,
            "seq_len=2048": 0.012
        },
        "ltiqr": {
            "seq_len=64": 0.012,
            "seq_len=128": 0.018,
            "seq_len=256": 0.014,
            "seq_len=512": 0.011,
            "seq_len=1024": 0.006,
            "seq_len=2048": 0.005
        },
        "ltmean": {
            "seq_len=64": 0.015,
            "seq_len=128": 0.005,
            "seq_len=256": 0.011,
            "seq_len=512": 0.012,
            "seq_len=1024": 0.018,
            "seq_len=2048": 0.016
        },
        "ltslope": {
            "seq_len=64": 0.023,
            "seq_len=128": 0.015,
            "seq_len=256": 0.015,
            "seq_len=512": 0.005,
            "seq_len=1024": 0.011,
            "seq_len=2048": 0.009
        },
        "clfa": {
            "seq_len=64": 0.01,
            "seq_len=128": 0.008,
            "seq_len=256": 0.014,
            "seq_len=512": 0.01,
            "seq_len=1024": 0.008,
            "seq_len=2048": 0.013
        },
        "fod_mean": {
            "seq_len=64": 0.013,
            "seq_len=128": 0.003,
            "seq_len=256": 0.012,
            "seq_len=512": 0.014,
            "seq_len=1024": 0.016,
            "seq_len=2048": 0.015
        },
        "fod_abs_mean": {
            "seq_len=64": 0.01,
            "seq_len=128": 0.008,
            "seq_len=256": 0.014,
            "seq_len=512": 0.01,
            "seq_len=1024": 0.008,
            "seq_len=2048": 0.013
        },
        "ema_iqr_0.1": {
            "seq_len=64": 0.013,
            "seq_len=128": 0.018,
            "seq_len=256": 0.013,
            "seq_len=512": 0.011,
            "seq_len=1024": 0.006,
            "seq_len=2048": 0.005
        },
        "ema_iqr_0.5": {
            "seq_len=64": 0.016,
            "seq_len=128": 0.018,
            "seq_len=256": 0.016,
            "seq_len=512": 0.01,
            "seq_len=1024": 0.006,
            "seq_len=2048": 0.005
        },
        "ema_slope_0.1": {
            "seq_len=64": 0.024,
            "seq_len=128": 0.015,
            "seq_len=256": 0.016,
            "seq_len=512": 0.006,
            "seq_len=1024": 0.011,
            "seq_len=2048": 0.009
        },
        "ema_slope_0.5": {
            "seq_len=64": 0.024,
            "seq_len=128": 0.017,
            "seq_len=256": 0.014,
            "seq_len=512": 0.007,
            "seq_len=1024": 0.01,
            "seq_len=2048": 0.007
        }
    }
}