{
    "AUC": {
        "clfa": {
            "seq_len=64": 0.4807005,
            "seq_len=128": 0.5029855,
            "seq_len=256": 0.5079994999999999,
            "seq_len=512": 0.523455,
            "seq_len=1024": 0.570124,
            "seq_len=2048": 0.6032439999999999
        },
        "s2conv": {
            "seq_len=64": 0.477234,
            "seq_len=128": 0.5071414999999999,
            "seq_len=256": 0.529101,
            "seq_len=512": 0.5302950000000001,
            "seq_len=1024": 0.541399,
            "seq_len=2048": 0.5637890000000001
        },
        "ltiqr": {
            "seq_len=64": 0.5005695,
            "seq_len=128": 0.520864,
            "seq_len=256": 0.520848,
            "seq_len=512": 0.530234,
            "seq_len=1024": 0.53827,
            "seq_len=2048": 0.53259
        },
        "ltmean": {
            "seq_len=64": 0.5077945,
            "seq_len=128": 0.511835,
            "seq_len=256": 0.512828,
            "seq_len=512": 0.5248379999999999,
            "seq_len=1024": 0.527069,
            "seq_len=2048": 0.520219
        },
        "ltslope": {
            "seq_len=64": 0.5147215,
            "seq_len=128": 0.521283,
            "seq_len=256": 0.5214949999999999,
            "seq_len=512": 0.526738,
            "seq_len=1024": 0.530506,
            "seq_len=2048": 0.523921
        }
    },
    "TPR": {
        "clfa": {
            "seq_len=64": 0.019,
            "seq_len=128": 0.012,
            "seq_len=256": 0.015,
            "seq_len=512": 0.017,
            "seq_len=1024": 0.019,
            "seq_len=2048": 0.034
        },
        "s2conv": {
            "seq_len=64": 0.007529411764705882,
            "seq_len=128": 0.004285714285714286,
            "seq_len=256": 0.007,
            "seq_len=512": 0.02,
            "seq_len=1024": 0.043,
            "seq_len=2048": 0.0844
        },
        "ltiqr": {
            "seq_len=64": 0.018,
            "seq_len=128": 0.023,
            "seq_len=256": 0.023,
            "seq_len=512": 0.018,
            "seq_len=1024": 0.02,
            "seq_len=2048": 0.021
        },
        "ltmean": {
            "seq_len=64": 0.016,
            "seq_len=128": 0.018,
            "seq_len=256": 0.016,
            "seq_len=512": 0.018,
            "seq_len=1024": 0.023,
            "seq_len=2048": 0.031
        },
        "ltslope": {
            "seq_len=64": 0.013,
            "seq_len=128": 0.012,
            "seq_len=256": 0.017,
            "seq_len=512": 0.019,
            "seq_len=1024": 0.02,
            "seq_len=2048": 0.027
        }
    }
}