{
    "AUC": {
        "loss": {
            "seq_len=64": 0.515419,
            "seq_len=128": 0.5224945,
            "seq_len=256": 0.5112905,
            "seq_len=512": 0.496104,
            "seq_len=1024": 0.4967165,
            "seq_len=2048": 0.5026275
        },
        "minkprob": {
            "seq_len=64": 0.536933,
            "seq_len=128": 0.5398485,
            "seq_len=256": 0.515818,
            "seq_len=512": 0.50807,
            "seq_len=1024": 0.5012155,
            "seq_len=2048": 0.506555
        },
        "ratio": {
            "seq_len=64": 0.48878449999999996,
            "seq_len=128": 0.486919,
            "seq_len=256": 0.4922075,
            "seq_len=512": 0.49743550000000003,
            "seq_len=1024": 0.501074,
            "seq_len=2048": 0.4987855
        },
        "ltiqr": {
            "seq_len=64": 0.48482499999999995,
            "seq_len=128": 0.4897435,
            "seq_len=256": 0.4965155,
            "seq_len=512": 0.5022009999999999,
            "seq_len=1024": 0.501421,
            "seq_len=2048": 0.48904
        },
        "ltmean": {
            "seq_len=64": 0.5176245,
            "seq_len=128": 0.5225295000000001,
            "seq_len=256": 0.5120879999999999,
            "seq_len=512": 0.4963175,
            "seq_len=1024": 0.496545,
            "seq_len=2048": 0.502698
        },
        "ltslope": {
            "seq_len=64": 0.5025565,
            "seq_len=128": 0.49687,
            "seq_len=256": 0.49819599999999997,
            "seq_len=512": 0.4913605,
            "seq_len=1024": 0.49579650000000003,
            "seq_len=2048": 0.4895615
        },
        "clfa": {
            "seq_len=64": 0.49779349999999994,
            "seq_len=128": 0.49976300000000007,
            "seq_len=256": 0.507663,
            "seq_len=512": 0.5021295,
            "seq_len=1024": 0.4973115,
            "seq_len=2048": 0.4982979999999999
        },
        "fod_mean": {
            "seq_len=64": 0.5152519999999999,
            "seq_len=128": 0.5220564999999999,
            "seq_len=256": 0.5108505,
            "seq_len=512": 0.49527600000000005,
            "seq_len=1024": 0.49590449999999997,
            "seq_len=2048": 0.501957
        },
        "fod_abs_mean": {
            "seq_len=64": 0.49779349999999994,
            "seq_len=128": 0.49976300000000007,
            "seq_len=256": 0.507663,
            "seq_len=512": 0.5021295,
            "seq_len=1024": 0.4973115,
            "seq_len=2048": 0.4982979999999999
        },
        "ema_iqr_0.1": {
            "seq_len=64": 0.4840145,
            "seq_len=128": 0.49047700000000005,
            "seq_len=256": 0.498183,
            "seq_len=512": 0.502414,
            "seq_len=1024": 0.5004164999999999,
            "seq_len=2048": 0.4875715
        },
        "ema_iqr_0.5": {
            "seq_len=64": 0.4875035,
            "seq_len=128": 0.49428,
            "seq_len=256": 0.502355,
            "seq_len=512": 0.5009429999999999,
            "seq_len=1024": 0.5032555000000001,
            "seq_len=2048": 0.4912685
        },
        "ema_slope_0.1": {
            "seq_len=64": 0.5031895,
            "seq_len=128": 0.49757199999999996,
            "seq_len=256": 0.498376,
            "seq_len=512": 0.490731,
            "seq_len=1024": 0.4953775,
            "seq_len=2048": 0.4900675
        },
        "ema_slope_0.5": {
            "seq_len=64": 0.5081465000000001,
            "seq_len=128": 0.5034069999999999,
            "seq_len=256": 0.499997,
            "seq_len=512": 0.48813799999999996,
            "seq_len=1024": 0.4934395,
            "seq_len=2048": 0.49269749999999995
        }
    },
    "TPR": {
        "loss": {
            "seq_len=64": 0.011,
            "seq_len=128": 0.017,
            "seq_len=256": 0.01,
            "seq_len=512": 0.012,
            "seq_len=1024": 0.022,
            "seq_len=2048": 0.019
        },
        "minkprob": {
            "seq_len=64": 0.013,
            "seq_len=128": 0.02,
            "seq_len=256": 0.012,
            "seq_len=512": 0.012,
            "seq_len=1024": 0.022,
            "seq_len=2048": 0.017
        },
        "ratio": {
            "seq_len=64": 0.008,
            "seq_len=128": 0.013,
            "seq_len=256": 0.007,
            "seq_len=512": 0.007,
            "seq_len=1024": 0.013,
            "seq_len=2048": 0.016
        },
        "ltiqr": {
            "seq_len=64": 0.013,
            "seq_len=128": 0.011,
            "seq_len=256": 0.017,
            "seq_len=512": 0.023,
            "seq_len=1024": 0.017,
            "seq_len=2048": 0.02
        },
        "ltmean": {
            "seq_len=64": 0.011,
            "seq_len=128": 0.018,
            "seq_len=256": 0.01,
            "seq_len=512": 0.007,
            "seq_len=1024": 0.017,
            "seq_len=2048": 0.018
        },
        "ltslope": {
            "seq_len=64": 0.008,
            "seq_len=128": 0.016,
            "seq_len=256": 0.015,
            "seq_len=512": 0.016,
            "seq_len=1024": 0.015,
            "seq_len=2048": 0.014
        },
        "clfa": {
            "seq_len=64": 0.012,
            "seq_len=128": 0.008,
            "seq_len=256": 0.014,
            "seq_len=512": 0.011,
            "seq_len=1024": 0.008,
            "seq_len=2048": 0.01
        },
        "fod_mean": {
            "seq_len=64": 0.011,
            "seq_len=128": 0.02,
            "seq_len=256": 0.011,
            "seq_len=512": 0.012,
            "seq_len=1024": 0.02,
            "seq_len=2048": 0.02
        },
        "fod_abs_mean": {
            "seq_len=64": 0.012,
            "seq_len=128": 0.008,
            "seq_len=256": 0.014,
            "seq_len=512": 0.011,
            "seq_len=1024": 0.008,
            "seq_len=2048": 0.01
        },
        "ema_iqr_0.1": {
            "seq_len=64": 0.013,
            "seq_len=128": 0.011,
            "seq_len=256": 0.017,
            "seq_len=512": 0.023,
            "seq_len=1024": 0.016,
            "seq_len=2048": 0.021
        },
        "ema_iqr_0.5": {
            "seq_len=64": 0.012,
            "seq_len=128": 0.011,
            "seq_len=256": 0.017,
            "seq_len=512": 0.02,
            "seq_len=1024": 0.018,
            "seq_len=2048": 0.021
        },
        "ema_slope_0.1": {
            "seq_len=64": 0.008,
            "seq_len=128": 0.017,
            "seq_len=256": 0.015,
            "seq_len=512": 0.016,
            "seq_len=1024": 0.014,
            "seq_len=2048": 0.014
        },
        "ema_slope_0.5": {
            "seq_len=64": 0.009,
            "seq_len=128": 0.016,
            "seq_len=256": 0.015,
            "seq_len=512": 0.016,
            "seq_len=1024": 0.014,
            "seq_len=2048": 0.011
        }
    }
}