{
    "AUC": {
        "loss": {
            "seq_len=64": 0.5132165,
            "seq_len=128": 0.504634,
            "seq_len=256": 0.5030415,
            "seq_len=512": 0.5221155,
            "seq_len=1024": 0.5164775,
            "seq_len=2048": 0.5129835
        },
        "minkprob": {
            "seq_len=64": 0.512161,
            "seq_len=128": 0.4994375,
            "seq_len=256": 0.510969,
            "seq_len=512": 0.5326854999999999,
            "seq_len=1024": 0.526127,
            "seq_len=2048": 0.5147164999999999
        },
        "ratio": {
            "seq_len=64": 0.5069475,
            "seq_len=128": 0.4971055,
            "seq_len=256": 0.49904649999999995,
            "seq_len=512": 0.5077285,
            "seq_len=1024": 0.5102990000000001,
            "seq_len=2048": 0.5066065
        },
        "ltiqr": {
            "seq_len=64": 0.469318,
            "seq_len=128": 0.49999949999999993,
            "seq_len=256": 0.51401,
            "seq_len=512": 0.4904505,
            "seq_len=1024": 0.503888,
            "seq_len=2048": 0.5093615
        },
        "ltmean": {
            "seq_len=64": 0.5155355,
            "seq_len=128": 0.507072,
            "seq_len=256": 0.5050169999999999,
            "seq_len=512": 0.5241195000000001,
            "seq_len=1024": 0.517627,
            "seq_len=2048": 0.513744
        },
        "ltslope": {
            "seq_len=64": 0.49752399999999997,
            "seq_len=128": 0.495111,
            "seq_len=256": 0.512097,
            "seq_len=512": 0.49752950000000007,
            "seq_len=1024": 0.499835,
            "seq_len=2048": 0.5117905
        },
        "clfa": {
            "seq_len=64": 0.491391,
            "seq_len=128": 0.5013540000000001,
            "seq_len=256": 0.510991,
            "seq_len=512": 0.5299125,
            "seq_len=1024": 0.5285245,
            "seq_len=2048": 0.5351805
        },
        "fod_mean": {
            "seq_len=64": 0.510701,
            "seq_len=128": 0.504011,
            "seq_len=256": 0.5017564999999999,
            "seq_len=512": 0.5207035,
            "seq_len=1024": 0.5153620000000001,
            "seq_len=2048": 0.5129539999999999
        },
        "fod_abs_mean": {
            "seq_len=64": 0.491391,
            "seq_len=128": 0.5013540000000001,
            "seq_len=256": 0.510991,
            "seq_len=512": 0.5299125,
            "seq_len=1024": 0.5285245,
            "seq_len=2048": 0.5351805
        },
        "ema_iqr_0.1": {
            "seq_len=64": 0.470176,
            "seq_len=128": 0.498987,
            "seq_len=256": 0.5131654999999999,
            "seq_len=512": 0.4910015,
            "seq_len=1024": 0.5069509999999999,
            "seq_len=2048": 0.509255
        },
        "ema_iqr_0.5": {
            "seq_len=64": 0.475325,
            "seq_len=128": 0.498926,
            "seq_len=256": 0.5112905,
            "seq_len=512": 0.49406049999999996,
            "seq_len=1024": 0.504367,
            "seq_len=2048": 0.5079579999999999
        },
        "ema_slope_0.1": {
            "seq_len=64": 0.497695,
            "seq_len=128": 0.495199,
            "seq_len=256": 0.5119294999999999,
            "seq_len=512": 0.4980685,
            "seq_len=1024": 0.5002610000000001,
            "seq_len=2048": 0.512395
        },
        "ema_slope_0.5": {
            "seq_len=64": 0.500098,
            "seq_len=128": 0.495553,
            "seq_len=256": 0.5090005,
            "seq_len=512": 0.5009675,
            "seq_len=1024": 0.5038699999999999,
            "seq_len=2048": 0.513173
        }
    },
    "TPR": {
        "loss": {
            "seq_len=64": 0.012,
            "seq_len=128": 0.007,
            "seq_len=256": 0.011,
            "seq_len=512": 0.006,
            "seq_len=1024": 0.01,
            "seq_len=2048": 0.01
        },
        "minkprob": {
            "seq_len=64": 0.01,
            "seq_len=128": 0.012,
            "seq_len=256": 0.012,
            "seq_len=512": 0.006,
            "seq_len=1024": 0.015,
            "seq_len=2048": 0.014
        },
        "ratio": {
            "seq_len=64": 0.025,
            "seq_len=128": 0.01,
            "seq_len=256": 0.012,
            "seq_len=512": 0.008,
            "seq_len=1024": 0.012,
            "seq_len=2048": 0.012
        },
        "ltiqr": {
            "seq_len=64": 0.015,
            "seq_len=128": 0.01,
            "seq_len=256": 0.009,
            "seq_len=512": 0.018,
            "seq_len=1024": 0.008,
            "seq_len=2048": 0.008
        },
        "ltmean": {
            "seq_len=64": 0.012,
            "seq_len=128": 0.009,
            "seq_len=256": 0.012,
            "seq_len=512": 0.006,
            "seq_len=1024": 0.01,
            "seq_len=2048": 0.01
        },
        "ltslope": {
            "seq_len=64": 0.012,
            "seq_len=128": 0.013,
            "seq_len=256": 0.013,
            "seq_len=512": 0.017,
            "seq_len=1024": 0.013,
            "seq_len=2048": 0.014
        },
        "clfa": {
            "seq_len=64": 0.011,
            "seq_len=128": 0.01,
            "seq_len=256": 0.009,
            "seq_len=512": 0.007,
            "seq_len=1024": 0.012,
            "seq_len=2048": 0.021
        },
        "fod_mean": {
            "seq_len=64": 0.013,
            "seq_len=128": 0.007,
            "seq_len=256": 0.012,
            "seq_len=512": 0.006,
            "seq_len=1024": 0.008,
            "seq_len=2048": 0.01
        },
        "fod_abs_mean": {
            "seq_len=64": 0.011,
            "seq_len=128": 0.01,
            "seq_len=256": 0.009,
            "seq_len=512": 0.007,
            "seq_len=1024": 0.012,
            "seq_len=2048": 0.021
        },
        "ema_iqr_0.1": {
            "seq_len=64": 0.014,
            "seq_len=128": 0.013,
            "seq_len=256": 0.01,
            "seq_len=512": 0.018,
            "seq_len=1024": 0.009,
            "seq_len=2048": 0.009
        },
        "ema_iqr_0.5": {
            "seq_len=64": 0.014,
            "seq_len=128": 0.012,
            "seq_len=256": 0.01,
            "seq_len=512": 0.015,
            "seq_len=1024": 0.008,
            "seq_len=2048": 0.012
        },
        "ema_slope_0.1": {
            "seq_len=64": 0.012,
            "seq_len=128": 0.014,
            "seq_len=256": 0.013,
            "seq_len=512": 0.017,
            "seq_len=1024": 0.013,
            "seq_len=2048": 0.014
        },
        "ema_slope_0.5": {
            "seq_len=64": 0.013,
            "seq_len=128": 0.015,
            "seq_len=256": 0.021,
            "seq_len=512": 0.012,
            "seq_len=1024": 0.013,
            "seq_len=2048": 0.012
        }
    }
}