{
    "AUC": {
        "clfa": {
            "seq_len=64": 0.4760905,
            "seq_len=128": 0.4900969999999999,
            "seq_len=256": 0.4973515,
            "seq_len=512": 0.5075175,
            "seq_len=1024": 0.509093,
            "seq_len=2048": 0.5116135
        },
        "s2conv": {
            "seq_len=64": 0.504146,
            "seq_len=128": 0.4941205,
            "seq_len=256": 0.5307485,
            "seq_len=512": 0.5469930000000001,
            "seq_len=1024": 0.5533855,
            "seq_len=2048": 0.5452605
        },
        "ltiqr": {
            "seq_len=64": 0.4984445,
            "seq_len=128": 0.496116,
            "seq_len=256": 0.49215849999999994,
            "seq_len=512": 0.5014225,
            "seq_len=1024": 0.497804,
            "seq_len=2048": 0.49867399999999995
        },
        "ltmean": {
            "seq_len=64": 0.49600049999999996,
            "seq_len=128": 0.4887285,
            "seq_len=256": 0.48608950000000006,
            "seq_len=512": 0.4971900000000001,
            "seq_len=1024": 0.490557,
            "seq_len=2048": 0.488993
        },
        "ltslope": {
            "seq_len=64": 0.49517049999999996,
            "seq_len=128": 0.49117150000000004,
            "seq_len=256": 0.49117049999999995,
            "seq_len=512": 0.49836099999999994,
            "seq_len=1024": 0.49156299999999997,
            "seq_len=2048": 0.491479
        }
    },
    "TPR": {
        "clfa": {
            "seq_len=64": 0.012,
            "seq_len=128": 0.006,
            "seq_len=256": 0.009,
            "seq_len=512": 0.01,
            "seq_len=1024": 0.008,
            "seq_len=2048": 0.008
        },
        "s2conv": {
            "seq_len=64": 0.017799999999999996,
            "seq_len=128": 0.011428571428571429,
            "seq_len=256": 0.00975,
            "seq_len=512": 0.0055000000000000005,
            "seq_len=1024": 0.02,
            "seq_len=2048": 0.017333333333333333
        },
        "ltiqr": {
            "seq_len=64": 0.01,
            "seq_len=128": 0.008,
            "seq_len=256": 0.005,
            "seq_len=512": 0.01,
            "seq_len=1024": 0.007,
            "seq_len=2048": 0.01
        },
        "ltmean": {
            "seq_len=64": 0.009,
            "seq_len=128": 0.008,
            "seq_len=256": 0.005,
            "seq_len=512": 0.009,
            "seq_len=1024": 0.008,
            "seq_len=2048": 0.009
        },
        "ltslope": {
            "seq_len=64": 0.012,
            "seq_len=128": 0.01,
            "seq_len=256": 0.006,
            "seq_len=512": 0.008,
            "seq_len=1024": 0.009,
            "seq_len=2048": 0.01
        }
    }
}