{
    "AUC": {
        "clfa": {
            "seq_len=64": 0.49973999999999996,
            "seq_len=128": 0.53035,
            "seq_len=256": 0.5730105,
            "seq_len=512": 0.65271,
            "seq_len=1024": 0.7438859999999998,
            "seq_len=2048": 0.807295
        },
        "s2conv": {
            "seq_len=64": 0.46675749999999994,
            "seq_len=128": 0.5081235000000001,
            "seq_len=256": 0.5855469999999999,
            "seq_len=512": 0.6261955,
            "seq_len=1024": 0.656953,
            "seq_len=2048": 0.6428974999999999
        },
        "ltiqr": {
            "seq_len=64": 0.550307,
            "seq_len=128": 0.56123,
            "seq_len=256": 0.578149,
            "seq_len=512": 0.5875365000000001,
            "seq_len=1024": 0.5814685,
            "seq_len=2048": 0.583485
        },
        "ltmean": {
            "seq_len=64": 0.546473,
            "seq_len=128": 0.5590080000000001,
            "seq_len=256": 0.5674760000000001,
            "seq_len=512": 0.5905199999999999,
            "seq_len=1024": 0.585624,
            "seq_len=2048": 0.586549
        },
        "ltslope": {
            "seq_len=64": 0.550196,
            "seq_len=128": 0.559065,
            "seq_len=256": 0.568663,
            "seq_len=512": 0.5798220000000001,
            "seq_len=1024": 0.571538,
            "seq_len=2048": 0.566947
        }
    },
    "TPR": {
        "clfa": {
            "seq_len=64": 0.009,
            "seq_len=128": 0.005,
            "seq_len=256": 0.01,
            "seq_len=512": 0.01,
            "seq_len=1024": 0.007,
            "seq_len=2048": 0.012
        },
        "s2conv": {
            "seq_len=64": 0.008333333333333333,
            "seq_len=128": 0.013,
            "seq_len=256": 0.034,
            "seq_len=512": 0.17400000000000002,
            "seq_len=1024": 0.269,
            "seq_len=2048": 0.25266666666666665
        },
        "ltiqr": {
            "seq_len=64": 0.015,
            "seq_len=128": 0.024,
            "seq_len=256": 0.01,
            "seq_len=512": 0.011,
            "seq_len=1024": 0.012,
            "seq_len=2048": 0.006
        },
        "ltmean": {
            "seq_len=64": 0.013,
            "seq_len=128": 0.016,
            "seq_len=256": 0.008,
            "seq_len=512": 0.02,
            "seq_len=1024": 0.014,
            "seq_len=2048": 0.01
        },
        "ltslope": {
            "seq_len=64": 0.014,
            "seq_len=128": 0.01,
            "seq_len=256": 0.007,
            "seq_len=512": 0.007,
            "seq_len=1024": 0.011,
            "seq_len=2048": 0.007
        }
    }
}