{
    "AUC": {
        "clfa": {
            "seq_len=64": 0.5164625,
            "seq_len=128": 0.5192599999999999,
            "seq_len=256": 0.535107,
            "seq_len=512": 0.5599225,
            "seq_len=1024": 0.5863105,
            "seq_len=2048": 0.606054
        },
        "s2conv": {
            "seq_len=64": 0.502222,
            "seq_len=128": 0.5194345,
            "seq_len=256": 0.5367165,
            "seq_len=512": 0.568852,
            "seq_len=1024": 0.578518,
            "seq_len=2048": 0.572566
        },
        "ltiqr": {
            "seq_len=64": 0.514883,
            "seq_len=128": 0.5197495000000001,
            "seq_len=256": 0.5367379999999999,
            "seq_len=512": 0.528491,
            "seq_len=1024": 0.534162,
            "seq_len=2048": 0.5278594999999999
        },
        "ltmean": {
            "seq_len=64": 0.5087795,
            "seq_len=128": 0.518252,
            "seq_len=256": 0.529602,
            "seq_len=512": 0.518539,
            "seq_len=1024": 0.523953,
            "seq_len=2048": 0.522216
        },
        "ltslope": {
            "seq_len=64": 0.5131135,
            "seq_len=128": 0.52371,
            "seq_len=256": 0.533534,
            "seq_len=512": 0.519158,
            "seq_len=1024": 0.52586,
            "seq_len=2048": 0.519039
        }
    },
    "TPR": {
        "clfa": {
            "seq_len=64": 0.013,
            "seq_len=128": 0.02,
            "seq_len=256": 0.021,
            "seq_len=512": 0.014,
            "seq_len=1024": 0.019,
            "seq_len=2048": 0.011
        },
        "s2conv": {
            "seq_len=64": 0.009,
            "seq_len=128": 0.020333333333333335,
            "seq_len=256": 0.038,
            "seq_len=512": 0.051500000000000004,
            "seq_len=1024": 0.059,
            "seq_len=2048": 0.061
        },
        "ltiqr": {
            "seq_len=64": 0.009,
            "seq_len=128": 0.009,
            "seq_len=256": 0.013,
            "seq_len=512": 0.013,
            "seq_len=1024": 0.012,
            "seq_len=2048": 0.006
        },
        "ltmean": {
            "seq_len=64": 0.008,
            "seq_len=128": 0.014,
            "seq_len=256": 0.014,
            "seq_len=512": 0.016,
            "seq_len=1024": 0.009,
            "seq_len=2048": 0.006
        },
        "ltslope": {
            "seq_len=64": 0.01,
            "seq_len=128": 0.015,
            "seq_len=256": 0.014,
            "seq_len=512": 0.014,
            "seq_len=1024": 0.009,
            "seq_len=2048": 0.006
        }
    }
}