{
    "AUC": {
        "clfa": {
            "seq_len=64": 0.49057850000000003,
            "seq_len=128": 0.500253,
            "seq_len=256": 0.541479,
            "seq_len=512": 0.5830165,
            "seq_len=1024": 0.649297,
            "seq_len=2048": 0.7217475
        },
        "s2conv": {
            "seq_len=64": 0.4937295,
            "seq_len=128": 0.496679,
            "seq_len=256": 0.5412910000000001,
            "seq_len=512": 0.5802015,
            "seq_len=1024": 0.606355,
            "seq_len=2048": 0.6193295000000001
        }
    },
    "TPR": {
        "clfa": {
            "seq_len=64": 0.009,
            "seq_len=128": 0.01,
            "seq_len=256": 0.01,
            "seq_len=512": 0.029,
            "seq_len=1024": 0.046,
            "seq_len=2048": 0.061
        },
        "s2conv": {
            "seq_len=64": 0.0115,
            "seq_len=128": 0.004,
            "seq_len=256": 0.021,
            "seq_len=512": 0.083,
            "seq_len=1024": 0.167,
            "seq_len=2048": 0.201
        }
    }
}