{
    "AUC": {
        "clfa": {
            "seq_len=64": 0.471036,
            "seq_len=128": 0.501429,
            "seq_len=256": 0.5177075,
            "seq_len=512": 0.5459494999999999,
            "seq_len=1024": 0.5731935,
            "seq_len=2048": 0.5945025
        },
        "s2conv": {
            "seq_len=64": 0.48727400000000004,
            "seq_len=128": 0.49863250000000003,
            "seq_len=256": 0.5059000000000001,
            "seq_len=512": 0.5224150000000001,
            "seq_len=1024": 0.5510989999999999,
            "seq_len=2048": 0.5561725000000001
        },
        "ltiqr": {
            "seq_len=64": 0.499793,
            "seq_len=128": 0.529996,
            "seq_len=256": 0.5376000000000001,
            "seq_len=512": 0.5304949999999999,
            "seq_len=1024": 0.5365215,
            "seq_len=2048": 0.5451875
        },
        "ltmean": {
            "seq_len=64": 0.511633,
            "seq_len=128": 0.535937,
            "seq_len=256": 0.5460389999999999,
            "seq_len=512": 0.5392935000000001,
            "seq_len=1024": 0.5443239999999999,
            "seq_len=2048": 0.5539240000000001
        },
        "ltslope": {
            "seq_len=64": 0.502673,
            "seq_len=128": 0.5276649999999999,
            "seq_len=256": 0.536872,
            "seq_len=512": 0.5228090000000001,
            "seq_len=1024": 0.530442,
            "seq_len=2048": 0.539877
        }
    },
    "TPR": {
        "clfa": {
            "seq_len=64": 0.004,
            "seq_len=128": 0.006,
            "seq_len=256": 0.007,
            "seq_len=512": 0.003,
            "seq_len=1024": 0.004,
            "seq_len=2048": 0.006
        },
        "s2conv": {
            "seq_len=64": 0.010666666666666666,
            "seq_len=128": 0.021,
            "seq_len=256": 0.0265,
            "seq_len=512": 0.015000000000000001,
            "seq_len=1024": 0.01,
            "seq_len=2048": 0.013
        },
        "ltiqr": {
            "seq_len=64": 0.006,
            "seq_len=128": 0.006,
            "seq_len=256": 0.006,
            "seq_len=512": 0.009,
            "seq_len=1024": 0.006,
            "seq_len=2048": 0.008
        },
        "ltmean": {
            "seq_len=64": 0.006,
            "seq_len=128": 0.01,
            "seq_len=256": 0.015,
            "seq_len=512": 0.012,
            "seq_len=1024": 0.01,
            "seq_len=2048": 0.008
        },
        "ltslope": {
            "seq_len=64": 0.008,
            "seq_len=128": 0.008,
            "seq_len=256": 0.008,
            "seq_len=512": 0.006,
            "seq_len=1024": 0.007,
            "seq_len=2048": 0.008
        }
    }
}