{
    "AUC": {
        "loss": {
            "seq_len=64": 0.516942,
            "seq_len=128": 0.5195505,
            "seq_len=256": 0.5183905,
            "seq_len=512": 0.5252555000000001,
            "seq_len=1024": 0.5248725,
            "seq_len=2048": 0.5221395
        },
        "minkprob": {
            "seq_len=64": 0.519638,
            "seq_len=128": 0.5141525,
            "seq_len=256": 0.526337,
            "seq_len=512": 0.532784,
            "seq_len=1024": 0.5372165,
            "seq_len=2048": 0.5286980000000001
        },
        "ratio": {
            "seq_len=64": 0.5163260000000001,
            "seq_len=128": 0.51694,
            "seq_len=256": 0.526286,
            "seq_len=512": 0.525606,
            "seq_len=1024": 0.5406765,
            "seq_len=2048": 0.546053
        },
        "ltiqr": {
            "seq_len=64": 0.5023970000000001,
            "seq_len=128": 0.5313985,
            "seq_len=256": 0.540132,
            "seq_len=512": 0.534069,
            "seq_len=1024": 0.540469,
            "seq_len=2048": 0.5506354999999999
        },
        "ltmean": {
            "seq_len=64": 0.5157815,
            "seq_len=128": 0.5153464999999999,
            "seq_len=256": 0.5126225,
            "seq_len=512": 0.521926,
            "seq_len=1024": 0.520885,
            "seq_len=2048": 0.518512
        },
        "ltslope": {
            "seq_len=64": 0.508505,
            "seq_len=128": 0.5314289999999999,
            "seq_len=256": 0.5417795000000001,
            "seq_len=512": 0.533254,
            "seq_len=1024": 0.5427525000000001,
            "seq_len=2048": 0.5551855
        },
        "clfa": {
            "seq_len=64": 0.480485,
            "seq_len=128": 0.5122345,
            "seq_len=256": 0.5251665,
            "seq_len=512": 0.5490165,
            "seq_len=1024": 0.5624865,
            "seq_len=2048": 0.5652524999999999
        },
        "fod_mean": {
            "seq_len=64": 0.515497,
            "seq_len=128": 0.5194460000000001,
            "seq_len=256": 0.518535,
            "seq_len=512": 0.5263885,
            "seq_len=1024": 0.5267245,
            "seq_len=2048": 0.5236109999999999
        },
        "fod_abs_mean": {
            "seq_len=64": 0.480485,
            "seq_len=128": 0.5122345,
            "seq_len=256": 0.5251665,
            "seq_len=512": 0.5490165,
            "seq_len=1024": 0.5624865,
            "seq_len=2048": 0.5652524999999999
        },
        "ema_iqr_0.1": {
            "seq_len=64": 0.5034569999999999,
            "seq_len=128": 0.532092,
            "seq_len=256": 0.540126,
            "seq_len=512": 0.533311,
            "seq_len=1024": 0.540196,
            "seq_len=2048": 0.5499510000000001
        },
        "ema_iqr_0.5": {
            "seq_len=64": 0.503517,
            "seq_len=128": 0.5309919999999999,
            "seq_len=256": 0.5383,
            "seq_len=512": 0.528948,
            "seq_len=1024": 0.537228,
            "seq_len=2048": 0.545816
        },
        "ema_slope_0.1": {
            "seq_len=64": 0.508842,
            "seq_len=128": 0.531569,
            "seq_len=256": 0.541913,
            "seq_len=512": 0.533588,
            "seq_len=1024": 0.543228,
            "seq_len=2048": 0.5557850000000001
        },
        "ema_slope_0.5": {
            "seq_len=64": 0.510958,
            "seq_len=128": 0.5318020000000001,
            "seq_len=256": 0.5418719999999999,
            "seq_len=512": 0.5350900000000001,
            "seq_len=1024": 0.545498,
            "seq_len=2048": 0.560236
        }
    },
    "TPR": {
        "loss": {
            "seq_len=64": 0.015,
            "seq_len=128": 0.018,
            "seq_len=256": 0.012,
            "seq_len=512": 0.011,
            "seq_len=1024": 0.008,
            "seq_len=2048": 0.012
        },
        "minkprob": {
            "seq_len=64": 0.012,
            "seq_len=128": 0.012,
            "seq_len=256": 0.011,
            "seq_len=512": 0.011,
            "seq_len=1024": 0.009,
            "seq_len=2048": 0.01
        },
        "ratio": {
            "seq_len=64": 0.012,
            "seq_len=128": 0.013,
            "seq_len=256": 0.018,
            "seq_len=512": 0.007,
            "seq_len=1024": 0.009,
            "seq_len=2048": 0.012
        },
        "ltiqr": {
            "seq_len=64": 0.007,
            "seq_len=128": 0.006,
            "seq_len=256": 0.007,
            "seq_len=512": 0.008,
            "seq_len=1024": 0.006,
            "seq_len=2048": 0.008
        },
        "ltmean": {
            "seq_len=64": 0.017,
            "seq_len=128": 0.017,
            "seq_len=256": 0.015,
            "seq_len=512": 0.011,
            "seq_len=1024": 0.016,
            "seq_len=2048": 0.016
        },
        "ltslope": {
            "seq_len=64": 0.008,
            "seq_len=128": 0.008,
            "seq_len=256": 0.008,
            "seq_len=512": 0.006,
            "seq_len=1024": 0.007,
            "seq_len=2048": 0.008
        },
        "clfa": {
            "seq_len=64": 0.005,
            "seq_len=128": 0.004,
            "seq_len=256": 0.004,
            "seq_len=512": 0.003,
            "seq_len=1024": 0.005,
            "seq_len=2048": 0.013
        },
        "fod_mean": {
            "seq_len=64": 0.015,
            "seq_len=128": 0.015,
            "seq_len=256": 0.009,
            "seq_len=512": 0.01,
            "seq_len=1024": 0.008,
            "seq_len=2048": 0.015
        },
        "fod_abs_mean": {
            "seq_len=64": 0.005,
            "seq_len=128": 0.004,
            "seq_len=256": 0.004,
            "seq_len=512": 0.003,
            "seq_len=1024": 0.005,
            "seq_len=2048": 0.013
        },
        "ema_iqr_0.1": {
            "seq_len=64": 0.007,
            "seq_len=128": 0.006,
            "seq_len=256": 0.007,
            "seq_len=512": 0.008,
            "seq_len=1024": 0.006,
            "seq_len=2048": 0.008
        },
        "ema_iqr_0.5": {
            "seq_len=64": 0.007,
            "seq_len=128": 0.006,
            "seq_len=256": 0.006,
            "seq_len=512": 0.008,
            "seq_len=1024": 0.006,
            "seq_len=2048": 0.007
        },
        "ema_slope_0.1": {
            "seq_len=64": 0.008,
            "seq_len=128": 0.008,
            "seq_len=256": 0.008,
            "seq_len=512": 0.006,
            "seq_len=1024": 0.007,
            "seq_len=2048": 0.008
        },
        "ema_slope_0.5": {
            "seq_len=64": 0.008,
            "seq_len=128": 0.008,
            "seq_len=256": 0.008,
            "seq_len=512": 0.006,
            "seq_len=1024": 0.006,
            "seq_len=2048": 0.008
        }
    }
}