{
    "AUC": {
        "loss": {
            "seq_len=64": 0.5133745000000001,
            "seq_len=128": 0.5224065,
            "seq_len=256": 0.5339075000000001,
            "seq_len=512": 0.5361865,
            "seq_len=1024": 0.5374565,
            "seq_len=2048": 0.523078
        },
        "minkprob": {
            "seq_len=64": 0.5048965,
            "seq_len=128": 0.5233145,
            "seq_len=256": 0.528275,
            "seq_len=512": 0.5302405,
            "seq_len=1024": 0.5347755,
            "seq_len=2048": 0.5231145
        },
        "ratio": {
            "seq_len=64": 0.525237,
            "seq_len=128": 0.52464,
            "seq_len=256": 0.5301155,
            "seq_len=512": 0.5381555,
            "seq_len=1024": 0.5318404999999999,
            "seq_len=2048": 0.530648
        },
        "ltiqr": {
            "seq_len=64": 0.552327,
            "seq_len=128": 0.564187,
            "seq_len=256": 0.5812149999999999,
            "seq_len=512": 0.5923275,
            "seq_len=1024": 0.5886105,
            "seq_len=2048": 0.588644
        },
        "ltmean": {
            "seq_len=64": 0.5069725,
            "seq_len=128": 0.5145675,
            "seq_len=256": 0.52417,
            "seq_len=512": 0.5261275,
            "seq_len=1024": 0.5290655,
            "seq_len=2048": 0.514591
        },
        "ltslope": {
            "seq_len=64": 0.5530904999999999,
            "seq_len=128": 0.562357,
            "seq_len=256": 0.5734935000000001,
            "seq_len=512": 0.5870005,
            "seq_len=1024": 0.58265,
            "seq_len=2048": 0.57758
        },
        "clfa": {
            "seq_len=64": 0.509968,
            "seq_len=128": 0.5478109999999999,
            "seq_len=256": 0.5902609999999999,
            "seq_len=512": 0.6337745,
            "seq_len=1024": 0.66193,
            "seq_len=2048": 0.660579
        },
        "fod_mean": {
            "seq_len=64": 0.5146765,
            "seq_len=128": 0.5237465,
            "seq_len=256": 0.535342,
            "seq_len=512": 0.5376660000000001,
            "seq_len=1024": 0.5377875,
            "seq_len=2048": 0.524571
        },
        "fod_abs_mean": {
            "seq_len=64": 0.509968,
            "seq_len=128": 0.5478109999999999,
            "seq_len=256": 0.5902609999999999,
            "seq_len=512": 0.6337745,
            "seq_len=1024": 0.66193,
            "seq_len=2048": 0.660579
        },
        "ema_iqr_0.1": {
            "seq_len=64": 0.552069,
            "seq_len=128": 0.563473,
            "seq_len=256": 0.579793,
            "seq_len=512": 0.59183,
            "seq_len=1024": 0.587173,
            "seq_len=2048": 0.587911
        },
        "ema_iqr_0.5": {
            "seq_len=64": 0.5519229999999999,
            "seq_len=128": 0.561131,
            "seq_len=256": 0.5738409999999999,
            "seq_len=512": 0.587758,
            "seq_len=1024": 0.5830500000000001,
            "seq_len=2048": 0.584325
        },
        "ema_slope_0.1": {
            "seq_len=64": 0.553078,
            "seq_len=128": 0.562456,
            "seq_len=256": 0.573531,
            "seq_len=512": 0.5870169999999999,
            "seq_len=1024": 0.582769,
            "seq_len=2048": 0.577613
        },
        "ema_slope_0.5": {
            "seq_len=64": 0.552916,
            "seq_len=128": 0.562825,
            "seq_len=256": 0.574129,
            "seq_len=512": 0.5869470000000001,
            "seq_len=1024": 0.583076,
            "seq_len=2048": 0.576918
        }
    },
    "TPR": {
        "loss": {
            "seq_len=64": 0.011,
            "seq_len=128": 0.007,
            "seq_len=256": 0.013,
            "seq_len=512": 0.014,
            "seq_len=1024": 0.011,
            "seq_len=2048": 0.012
        },
        "minkprob": {
            "seq_len=64": 0.014,
            "seq_len=128": 0.005,
            "seq_len=256": 0.009,
            "seq_len=512": 0.016,
            "seq_len=1024": 0.013,
            "seq_len=2048": 0.013
        },
        "ratio": {
            "seq_len=64": 0.013,
            "seq_len=128": 0.019,
            "seq_len=256": 0.009,
            "seq_len=512": 0.011,
            "seq_len=1024": 0.01,
            "seq_len=2048": 0.012
        },
        "ltiqr": {
            "seq_len=64": 0.013,
            "seq_len=128": 0.021,
            "seq_len=256": 0.011,
            "seq_len=512": 0.014,
            "seq_len=1024": 0.01,
            "seq_len=2048": 0.008
        },
        "ltmean": {
            "seq_len=64": 0.013,
            "seq_len=128": 0.002,
            "seq_len=256": 0.013,
            "seq_len=512": 0.01,
            "seq_len=1024": 0.013,
            "seq_len=2048": 0.016
        },
        "ltslope": {
            "seq_len=64": 0.018,
            "seq_len=128": 0.01,
            "seq_len=256": 0.008,
            "seq_len=512": 0.007,
            "seq_len=1024": 0.006,
            "seq_len=2048": 0.006
        },
        "clfa": {
            "seq_len=64": 0.005,
            "seq_len=128": 0.005,
            "seq_len=256": 0.011,
            "seq_len=512": 0.013,
            "seq_len=1024": 0.014,
            "seq_len=2048": 0.008
        },
        "fod_mean": {
            "seq_len=64": 0.012,
            "seq_len=128": 0.007,
            "seq_len=256": 0.012,
            "seq_len=512": 0.011,
            "seq_len=1024": 0.008,
            "seq_len=2048": 0.011
        },
        "fod_abs_mean": {
            "seq_len=64": 0.005,
            "seq_len=128": 0.005,
            "seq_len=256": 0.011,
            "seq_len=512": 0.013,
            "seq_len=1024": 0.014,
            "seq_len=2048": 0.008
        },
        "ema_iqr_0.1": {
            "seq_len=64": 0.013,
            "seq_len=128": 0.02,
            "seq_len=256": 0.011,
            "seq_len=512": 0.013,
            "seq_len=1024": 0.01,
            "seq_len=2048": 0.008
        },
        "ema_iqr_0.5": {
            "seq_len=64": 0.01,
            "seq_len=128": 0.021,
            "seq_len=256": 0.008,
            "seq_len=512": 0.013,
            "seq_len=1024": 0.009,
            "seq_len=2048": 0.007
        },
        "ema_slope_0.1": {
            "seq_len=64": 0.018,
            "seq_len=128": 0.01,
            "seq_len=256": 0.008,
            "seq_len=512": 0.007,
            "seq_len=1024": 0.006,
            "seq_len=2048": 0.006
        },
        "ema_slope_0.5": {
            "seq_len=64": 0.02,
            "seq_len=128": 0.009,
            "seq_len=256": 0.008,
            "seq_len=512": 0.007,
            "seq_len=1024": 0.006,
            "seq_len=2048": 0.006
        }
    }
}