{
    "AUC": {
        "loss": {
            "seq_len=64": 0.5138695,
            "seq_len=128": 0.5203255,
            "seq_len=256": 0.5035495,
            "seq_len=512": 0.493803,
            "seq_len=1024": 0.48845,
            "seq_len=2048": 0.4958155
        },
        "minkprob": {
            "seq_len=64": 0.5216725,
            "seq_len=128": 0.5248635,
            "seq_len=256": 0.501913,
            "seq_len=512": 0.494348,
            "seq_len=1024": 0.48621249999999994,
            "seq_len=2048": 0.494622
        },
        "ratio": {
            "seq_len=64": 0.496387,
            "seq_len=128": 0.488153,
            "seq_len=256": 0.49099799999999993,
            "seq_len=512": 0.49109749999999996,
            "seq_len=1024": 0.486528,
            "seq_len=2048": 0.487543
        },
        "ltiqr": {
            "seq_len=64": 0.5008929999999999,
            "seq_len=128": 0.4977975,
            "seq_len=256": 0.49264949999999996,
            "seq_len=512": 0.500907,
            "seq_len=1024": 0.496876,
            "seq_len=2048": 0.49845100000000003
        },
        "ltmean": {
            "seq_len=64": 0.5142515,
            "seq_len=128": 0.5215225,
            "seq_len=256": 0.508817,
            "seq_len=512": 0.495762,
            "seq_len=1024": 0.49057,
            "seq_len=2048": 0.49692650000000005
        },
        "ltslope": {
            "seq_len=64": 0.49925449999999993,
            "seq_len=128": 0.4949305,
            "seq_len=256": 0.4912585,
            "seq_len=512": 0.49573300000000003,
            "seq_len=1024": 0.48952599999999996,
            "seq_len=2048": 0.4906945
        },
        "clfa": {
            "seq_len=64": 0.4822315,
            "seq_len=128": 0.49883450000000007,
            "seq_len=256": 0.5040220000000001,
            "seq_len=512": 0.5023374999999999,
            "seq_len=1024": 0.4976775,
            "seq_len=2048": 0.501153
        },
        "fod_mean": {
            "seq_len=64": 0.514142,
            "seq_len=128": 0.517909,
            "seq_len=256": 0.5041340000000001,
            "seq_len=512": 0.4948895,
            "seq_len=1024": 0.488691,
            "seq_len=2048": 0.49444350000000004
        },
        "fod_abs_mean": {
            "seq_len=64": 0.4822315,
            "seq_len=128": 0.49883450000000007,
            "seq_len=256": 0.5040220000000001,
            "seq_len=512": 0.5023374999999999,
            "seq_len=1024": 0.4976775,
            "seq_len=2048": 0.501153
        },
        "ema_iqr_0.1": {
            "seq_len=64": 0.5012574999999999,
            "seq_len=128": 0.4975995,
            "seq_len=256": 0.49301149999999994,
            "seq_len=512": 0.500968,
            "seq_len=1024": 0.496996,
            "seq_len=2048": 0.498478
        },
        "ema_iqr_0.5": {
            "seq_len=64": 0.5055305,
            "seq_len=128": 0.4990035,
            "seq_len=256": 0.4934855,
            "seq_len=512": 0.500534,
            "seq_len=1024": 0.495599,
            "seq_len=2048": 0.496794
        },
        "ema_slope_0.1": {
            "seq_len=64": 0.4994425,
            "seq_len=128": 0.4951025,
            "seq_len=256": 0.4912245,
            "seq_len=512": 0.495649,
            "seq_len=1024": 0.4893220000000001,
            "seq_len=2048": 0.49066499999999996
        },
        "ema_slope_0.5": {
            "seq_len=64": 0.5014875,
            "seq_len=128": 0.4972795,
            "seq_len=256": 0.4914805,
            "seq_len=512": 0.494637,
            "seq_len=1024": 0.488168,
            "seq_len=2048": 0.49021899999999996
        }
    },
    "TPR": {
        "loss": {
            "seq_len=64": 0.008,
            "seq_len=128": 0.011,
            "seq_len=256": 0.003,
            "seq_len=512": 0.012,
            "seq_len=1024": 0.008,
            "seq_len=2048": 0.008
        },
        "minkprob": {
            "seq_len=64": 0.007,
            "seq_len=128": 0.014,
            "seq_len=256": 0.003,
            "seq_len=512": 0.017,
            "seq_len=1024": 0.009,
            "seq_len=2048": 0.014
        },
        "ratio": {
            "seq_len=64": 0.005,
            "seq_len=128": 0.012,
            "seq_len=256": 0.008,
            "seq_len=512": 0.011,
            "seq_len=1024": 0.007,
            "seq_len=2048": 0.01
        },
        "ltiqr": {
            "seq_len=64": 0.009,
            "seq_len=128": 0.008,
            "seq_len=256": 0.003,
            "seq_len=512": 0.009,
            "seq_len=1024": 0.007,
            "seq_len=2048": 0.01
        },
        "ltmean": {
            "seq_len=64": 0.005,
            "seq_len=128": 0.008,
            "seq_len=256": 0.003,
            "seq_len=512": 0.008,
            "seq_len=1024": 0.007,
            "seq_len=2048": 0.012
        },
        "ltslope": {
            "seq_len=64": 0.011,
            "seq_len=128": 0.008,
            "seq_len=256": 0.006,
            "seq_len=512": 0.006,
            "seq_len=1024": 0.01,
            "seq_len=2048": 0.01
        },
        "clfa": {
            "seq_len=64": 0.012,
            "seq_len=128": 0.011,
            "seq_len=256": 0.011,
            "seq_len=512": 0.01,
            "seq_len=1024": 0.008,
            "seq_len=2048": 0.007
        },
        "fod_mean": {
            "seq_len=64": 0.008,
            "seq_len=128": 0.018600000000000002,
            "seq_len=256": 0.01,
            "seq_len=512": 0.009,
            "seq_len=1024": 0.013,
            "seq_len=2048": 0.015
        },
        "fod_abs_mean": {
            "seq_len=64": 0.012,
            "seq_len=128": 0.011,
            "seq_len=256": 0.011,
            "seq_len=512": 0.01,
            "seq_len=1024": 0.008,
            "seq_len=2048": 0.007
        },
        "ema_iqr_0.1": {
            "seq_len=64": 0.008,
            "seq_len=128": 0.008,
            "seq_len=256": 0.002,
            "seq_len=512": 0.009,
            "seq_len=1024": 0.007,
            "seq_len=2048": 0.01
        },
        "ema_iqr_0.5": {
            "seq_len=64": 0.008,
            "seq_len=128": 0.009,
            "seq_len=256": 0.003,
            "seq_len=512": 0.009,
            "seq_len=1024": 0.007,
            "seq_len=2048": 0.01
        },
        "ema_slope_0.1": {
            "seq_len=64": 0.01,
            "seq_len=128": 0.008,
            "seq_len=256": 0.006,
            "seq_len=512": 0.007,
            "seq_len=1024": 0.01,
            "seq_len=2048": 0.01
        },
        "ema_slope_0.5": {
            "seq_len=64": 0.013,
            "seq_len=128": 0.007,
            "seq_len=256": 0.006,
            "seq_len=512": 0.007,
            "seq_len=1024": 0.008,
            "seq_len=2048": 0.008
        }
    }
}