{
    "AUC": {
        "loss": {
            "seq_len=64": 0.5191399999999999,
            "seq_len=128": 0.5195970000000001,
            "seq_len=256": 0.509886,
            "seq_len=512": 0.5165765,
            "seq_len=1024": 0.507096,
            "seq_len=2048": 0.510183
        },
        "minkprob": {
            "seq_len=64": 0.5138155,
            "seq_len=128": 0.5116045,
            "seq_len=256": 0.5101019999999999,
            "seq_len=512": 0.5051950000000001,
            "seq_len=1024": 0.505613,
            "seq_len=2048": 0.508937
        },
        "ratio": {
            "seq_len=64": 0.5036315,
            "seq_len=128": 0.508142,
            "seq_len=256": 0.511454,
            "seq_len=512": 0.519112,
            "seq_len=1024": 0.5063500000000001,
            "seq_len=2048": 0.500737
        },
        "ltiqr": {
            "seq_len=64": 0.518344,
            "seq_len=128": 0.5231435,
            "seq_len=256": 0.538581,
            "seq_len=512": 0.531919,
            "seq_len=1024": 0.5374105,
            "seq_len=2048": 0.5319105000000001
        },
        "ltmean": {
            "seq_len=64": 0.519566,
            "seq_len=128": 0.519908,
            "seq_len=256": 0.50746,
            "seq_len=512": 0.5150140000000001,
            "seq_len=1024": 0.505233,
            "seq_len=2048": 0.5080865
        },
        "ltslope": {
            "seq_len=64": 0.5176275,
            "seq_len=128": 0.524824,
            "seq_len=256": 0.5345790000000001,
            "seq_len=512": 0.5248305,
            "seq_len=1024": 0.52938,
            "seq_len=2048": 0.5224175
        },
        "clfa": {
            "seq_len=64": 0.5370115,
            "seq_len=128": 0.533561,
            "seq_len=256": 0.541249,
            "seq_len=512": 0.5532125,
            "seq_len=1024": 0.5534135,
            "seq_len=2048": 0.550794
        },
        "fod_mean": {
            "seq_len=64": 0.5198915000000001,
            "seq_len=128": 0.5189305,
            "seq_len=256": 0.5110844999999999,
            "seq_len=512": 0.513988,
            "seq_len=1024": 0.505368,
            "seq_len=2048": 0.5090844999999999
        },
        "fod_abs_mean": {
            "seq_len=64": 0.5370115,
            "seq_len=128": 0.533561,
            "seq_len=256": 0.541249,
            "seq_len=512": 0.5532125,
            "seq_len=1024": 0.5534135,
            "seq_len=2048": 0.550794
        },
        "ema_iqr_0.1": {
            "seq_len=64": 0.5189705,
            "seq_len=128": 0.521114,
            "seq_len=256": 0.537777,
            "seq_len=512": 0.531704,
            "seq_len=1024": 0.53718,
            "seq_len=2048": 0.5325259999999999
        },
        "ema_iqr_0.5": {
            "seq_len=64": 0.5165295000000001,
            "seq_len=128": 0.519212,
            "seq_len=256": 0.533597,
            "seq_len=512": 0.529079,
            "seq_len=1024": 0.537865,
            "seq_len=2048": 0.531967
        },
        "ema_slope_0.1": {
            "seq_len=64": 0.5178415000000001,
            "seq_len=128": 0.524755,
            "seq_len=256": 0.534546,
            "seq_len=512": 0.524806,
            "seq_len=1024": 0.5295,
            "seq_len=2048": 0.522705
        },
        "ema_slope_0.5": {
            "seq_len=64": 0.5193334999999999,
            "seq_len=128": 0.523586,
            "seq_len=256": 0.532848,
            "seq_len=512": 0.5248100000000001,
            "seq_len=1024": 0.52973,
            "seq_len=2048": 0.525022
        }
    },
    "TPR": {
        "loss": {
            "seq_len=64": 0.014,
            "seq_len=128": 0.017,
            "seq_len=256": 0.009,
            "seq_len=512": 0.008,
            "seq_len=1024": 0.008,
            "seq_len=2048": 0.006
        },
        "minkprob": {
            "seq_len=64": 0.014,
            "seq_len=128": 0.017,
            "seq_len=256": 0.013,
            "seq_len=512": 0.008,
            "seq_len=1024": 0.01,
            "seq_len=2048": 0.006
        },
        "ratio": {
            "seq_len=64": 0.019,
            "seq_len=128": 0.022,
            "seq_len=256": 0.014,
            "seq_len=512": 0.012,
            "seq_len=1024": 0.009,
            "seq_len=2048": 0.003
        },
        "ltiqr": {
            "seq_len=64": 0.011,
            "seq_len=128": 0.012,
            "seq_len=256": 0.013,
            "seq_len=512": 0.013,
            "seq_len=1024": 0.007,
            "seq_len=2048": 0.007
        },
        "ltmean": {
            "seq_len=64": 0.015,
            "seq_len=128": 0.016,
            "seq_len=256": 0.011,
            "seq_len=512": 0.008,
            "seq_len=1024": 0.007,
            "seq_len=2048": 0.008
        },
        "ltslope": {
            "seq_len=64": 0.016,
            "seq_len=128": 0.014,
            "seq_len=256": 0.013,
            "seq_len=512": 0.012,
            "seq_len=1024": 0.01,
            "seq_len=2048": 0.007
        },
        "clfa": {
            "seq_len=64": 0.02,
            "seq_len=128": 0.022,
            "seq_len=256": 0.018,
            "seq_len=512": 0.014,
            "seq_len=1024": 0.011,
            "seq_len=2048": 0.007
        },
        "fod_mean": {
            "seq_len=64": 0.017,
            "seq_len=128": 0.016,
            "seq_len=256": 0.01,
            "seq_len=512": 0.007,
            "seq_len=1024": 0.01,
            "seq_len=2048": 0.005
        },
        "fod_abs_mean": {
            "seq_len=64": 0.02,
            "seq_len=128": 0.022,
            "seq_len=256": 0.018,
            "seq_len=512": 0.014,
            "seq_len=1024": 0.011,
            "seq_len=2048": 0.007
        },
        "ema_iqr_0.1": {
            "seq_len=64": 0.012,
            "seq_len=128": 0.012,
            "seq_len=256": 0.014,
            "seq_len=512": 0.013,
            "seq_len=1024": 0.007,
            "seq_len=2048": 0.007
        },
        "ema_iqr_0.5": {
            "seq_len=64": 0.011,
            "seq_len=128": 0.011,
            "seq_len=256": 0.015,
            "seq_len=512": 0.013,
            "seq_len=1024": 0.007,
            "seq_len=2048": 0.007
        },
        "ema_slope_0.1": {
            "seq_len=64": 0.016,
            "seq_len=128": 0.014,
            "seq_len=256": 0.013,
            "seq_len=512": 0.012,
            "seq_len=1024": 0.01,
            "seq_len=2048": 0.007
        },
        "ema_slope_0.5": {
            "seq_len=64": 0.015,
            "seq_len=128": 0.015,
            "seq_len=256": 0.013,
            "seq_len=512": 0.013,
            "seq_len=1024": 0.01,
            "seq_len=2048": 0.007
        }
    }
}