{
    "AUC": {
        "loss": {
            "seq_len=64": 0.5072505,
            "seq_len=128": 0.5148055,
            "seq_len=256": 0.517944,
            "seq_len=512": 0.528821,
            "seq_len=1024": 0.5302215000000001,
            "seq_len=2048": 0.5263295
        },
        "minkprob": {
            "seq_len=64": 0.519239,
            "seq_len=128": 0.5241345000000001,
            "seq_len=256": 0.527459,
            "seq_len=512": 0.5406065,
            "seq_len=1024": 0.547171,
            "seq_len=2048": 0.544873
        },
        "ratio": {
            "seq_len=64": 0.492633,
            "seq_len=128": 0.49147700000000005,
            "seq_len=256": 0.49984549999999994,
            "seq_len=512": 0.5123454999999999,
            "seq_len=1024": 0.520462,
            "seq_len=2048": 0.5357665
        },
        "ltiqr": {
            "seq_len=64": 0.5179865,
            "seq_len=128": 0.5268335,
            "seq_len=256": 0.546126,
            "seq_len=512": 0.5511375000000001,
            "seq_len=1024": 0.566107,
            "seq_len=2048": 0.5683375
        },
        "ltmean": {
            "seq_len=64": 0.506315,
            "seq_len=128": 0.5131300000000001,
            "seq_len=256": 0.5161169999999999,
            "seq_len=512": 0.525964,
            "seq_len=1024": 0.5260345,
            "seq_len=2048": 0.5227569999999999
        },
        "ltslope": {
            "seq_len=64": 0.5205305,
            "seq_len=128": 0.531367,
            "seq_len=256": 0.545221,
            "seq_len=512": 0.5504709999999999,
            "seq_len=1024": 0.5649244999999999,
            "seq_len=2048": 0.566909
        },
        "clfa": {
            "seq_len=64": 0.493828,
            "seq_len=128": 0.5169155,
            "seq_len=256": 0.553851,
            "seq_len=512": 0.5843935,
            "seq_len=1024": 0.6041615,
            "seq_len=2048": 0.6156515
        },
        "fod_mean": {
            "seq_len=64": 0.5079130000000001,
            "seq_len=128": 0.5140175,
            "seq_len=256": 0.5166785,
            "seq_len=512": 0.5282195,
            "seq_len=1024": 0.5285340000000001,
            "seq_len=2048": 0.52656
        },
        "fod_abs_mean": {
            "seq_len=64": 0.493828,
            "seq_len=128": 0.5169155,
            "seq_len=256": 0.553851,
            "seq_len=512": 0.5843935,
            "seq_len=1024": 0.6041615,
            "seq_len=2048": 0.6156515
        },
        "ema_iqr_0.1": {
            "seq_len=64": 0.518724,
            "seq_len=128": 0.527968,
            "seq_len=256": 0.54522,
            "seq_len=512": 0.549002,
            "seq_len=1024": 0.564578,
            "seq_len=2048": 0.56741
        },
        "ema_iqr_0.5": {
            "seq_len=64": 0.518044,
            "seq_len=128": 0.528942,
            "seq_len=256": 0.542521,
            "seq_len=512": 0.545625,
            "seq_len=1024": 0.5625,
            "seq_len=2048": 0.562205
        },
        "ema_slope_0.1": {
            "seq_len=64": 0.520624,
            "seq_len=128": 0.531421,
            "seq_len=256": 0.545607,
            "seq_len=512": 0.551181,
            "seq_len=1024": 0.565971,
            "seq_len=2048": 0.568058
        },
        "ema_slope_0.5": {
            "seq_len=64": 0.521581,
            "seq_len=128": 0.532159,
            "seq_len=256": 0.547503,
            "seq_len=512": 0.5551950000000001,
            "seq_len=1024": 0.5720259999999999,
            "seq_len=2048": 0.576187
        }
    },
    "TPR": {
        "loss": {
            "seq_len=64": 0.009,
            "seq_len=128": 0.01,
            "seq_len=256": 0.009,
            "seq_len=512": 0.015,
            "seq_len=1024": 0.007,
            "seq_len=2048": 0.009
        },
        "minkprob": {
            "seq_len=64": 0.011,
            "seq_len=128": 0.01,
            "seq_len=256": 0.013,
            "seq_len=512": 0.013,
            "seq_len=1024": 0.008,
            "seq_len=2048": 0.013
        },
        "ratio": {
            "seq_len=64": 0.009,
            "seq_len=128": 0.011,
            "seq_len=256": 0.009,
            "seq_len=512": 0.009,
            "seq_len=1024": 0.008,
            "seq_len=2048": 0.011
        },
        "ltiqr": {
            "seq_len=64": 0.018,
            "seq_len=128": 0.019,
            "seq_len=256": 0.016,
            "seq_len=512": 0.024,
            "seq_len=1024": 0.025,
            "seq_len=2048": 0.018
        },
        "ltmean": {
            "seq_len=64": 0.008,
            "seq_len=128": 0.009,
            "seq_len=256": 0.007,
            "seq_len=512": 0.012,
            "seq_len=1024": 0.007,
            "seq_len=2048": 0.008
        },
        "ltslope": {
            "seq_len=64": 0.021,
            "seq_len=128": 0.018,
            "seq_len=256": 0.02,
            "seq_len=512": 0.025,
            "seq_len=1024": 0.022,
            "seq_len=2048": 0.02
        },
        "clfa": {
            "seq_len=64": 0.012,
            "seq_len=128": 0.01,
            "seq_len=256": 0.012,
            "seq_len=512": 0.018,
            "seq_len=1024": 0.012,
            "seq_len=2048": 0.02
        },
        "fod_mean": {
            "seq_len=64": 0.01,
            "seq_len=128": 0.012,
            "seq_len=256": 0.011,
            "seq_len=512": 0.013,
            "seq_len=1024": 0.01,
            "seq_len=2048": 0.01
        },
        "fod_abs_mean": {
            "seq_len=64": 0.012,
            "seq_len=128": 0.01,
            "seq_len=256": 0.012,
            "seq_len=512": 0.018,
            "seq_len=1024": 0.012,
            "seq_len=2048": 0.02
        },
        "ema_iqr_0.1": {
            "seq_len=64": 0.018,
            "seq_len=128": 0.02,
            "seq_len=256": 0.017,
            "seq_len=512": 0.025,
            "seq_len=1024": 0.024,
            "seq_len=2048": 0.021
        },
        "ema_iqr_0.5": {
            "seq_len=64": 0.02,
            "seq_len=128": 0.021,
            "seq_len=256": 0.014,
            "seq_len=512": 0.028,
            "seq_len=1024": 0.025,
            "seq_len=2048": 0.022
        },
        "ema_slope_0.1": {
            "seq_len=64": 0.021,
            "seq_len=128": 0.018,
            "seq_len=256": 0.022,
            "seq_len=512": 0.025,
            "seq_len=1024": 0.023,
            "seq_len=2048": 0.02
        },
        "ema_slope_0.5": {
            "seq_len=64": 0.021,
            "seq_len=128": 0.023,
            "seq_len=256": 0.02,
            "seq_len=512": 0.025,
            "seq_len=1024": 0.024,
            "seq_len=2048": 0.017
        }
    }
}