{
    "AUC": {
        "clfa": {
            "seq_len=64": 0.49057850000000003,
            "seq_len=128": 0.500253,
            "seq_len=256": 0.541479,
            "seq_len=512": 0.5830165,
            "seq_len=1024": 0.649297,
            "seq_len=2048": 0.7217475
        },
        "s2conv": {
            "seq_len=64": 0.4937295,
            "seq_len=128": 0.496679,
            "seq_len=256": 0.5412910000000001,
            "seq_len=512": 0.5802015,
            "seq_len=1024": 0.606355,
            "seq_len=2048": 0.6193295000000001
        },
        "ltiqr": {
            "seq_len=64": 0.5166,
            "seq_len=128": 0.5247585,
            "seq_len=256": 0.5422355,
            "seq_len=512": 0.5462285,
            "seq_len=1024": 0.5593135,
            "seq_len=2048": 0.5593965
        },
        "ltmean": {
            "seq_len=64": 0.507519,
            "seq_len=128": 0.520823,
            "seq_len=256": 0.5300050000000001,
            "seq_len=512": 0.5308685,
            "seq_len=1024": 0.545909,
            "seq_len=2048": 0.543239
        },
        "ltslope": {
            "seq_len=64": 0.5177470000000001,
            "seq_len=128": 0.5273350000000001,
            "seq_len=256": 0.535417,
            "seq_len=512": 0.53696,
            "seq_len=1024": 0.547443,
            "seq_len=2048": 0.545241
        }
    },
    "TPR": {
        "clfa": {
            "seq_len=64": 0.009,
            "seq_len=128": 0.01,
            "seq_len=256": 0.01,
            "seq_len=512": 0.029,
            "seq_len=1024": 0.046,
            "seq_len=2048": 0.061
        },
        "s2conv": {
            "seq_len=64": 0.0115,
            "seq_len=128": 0.004,
            "seq_len=256": 0.021,
            "seq_len=512": 0.083,
            "seq_len=1024": 0.167,
            "seq_len=2048": 0.201
        },
        "ltiqr": {
            "seq_len=64": 0.022,
            "seq_len=128": 0.018,
            "seq_len=256": 0.015,
            "seq_len=512": 0.021,
            "seq_len=1024": 0.022,
            "seq_len=2048": 0.024
        },
        "ltmean": {
            "seq_len=64": 0.016,
            "seq_len=128": 0.018,
            "seq_len=256": 0.02,
            "seq_len=512": 0.02,
            "seq_len=1024": 0.023,
            "seq_len=2048": 0.033
        },
        "ltslope": {
            "seq_len=64": 0.017,
            "seq_len=128": 0.017,
            "seq_len=256": 0.021,
            "seq_len=512": 0.019,
            "seq_len=1024": 0.024,
            "seq_len=2048": 0.026
        }
    }
}