{
    "AUC": {
        "clfa": {
            "seq_len=64": 0.511731,
            "seq_len=128": 0.5285145,
            "seq_len=256": 0.5597955,
            "seq_len=512": 0.6117985,
            "seq_len=1024": 0.6782630000000001,
            "seq_len=2048": 0.750611
        },
        "s2conv": {
            "seq_len=64": 0.48463500000000004,
            "seq_len=128": 0.4924535,
            "seq_len=256": 0.5414255,
            "seq_len=512": 0.57752,
            "seq_len=1024": 0.612342,
            "seq_len=2048": 0.605276
        },
        "ltiqr": {
            "seq_len=64": 0.5461045,
            "seq_len=128": 0.5675330000000001,
            "seq_len=256": 0.5750975,
            "seq_len=512": 0.5701050000000001,
            "seq_len=1024": 0.5538445,
            "seq_len=2048": 0.5496345
        },
        "ltmean": {
            "seq_len=64": 0.5249165,
            "seq_len=128": 0.54406,
            "seq_len=256": 0.546045,
            "seq_len=512": 0.554039,
            "seq_len=1024": 0.551401,
            "seq_len=2048": 0.5461914999999999
        },
        "ltslope": {
            "seq_len=64": 0.544496,
            "seq_len=128": 0.558454,
            "seq_len=256": 0.55821,
            "seq_len=512": 0.554142,
            "seq_len=1024": 0.541732,
            "seq_len=2048": 0.5382760000000001
        }
    },
    "TPR": {
        "clfa": {
            "seq_len=64": 0.005,
            "seq_len=128": 0.007,
            "seq_len=256": 0.009,
            "seq_len=512": 0.004,
            "seq_len=1024": 0.008,
            "seq_len=2048": 0.004
        },
        "s2conv": {
            "seq_len=64": 0.0048000000000000004,
            "seq_len=128": 0.0035,
            "seq_len=256": 0.024333333333333335,
            "seq_len=512": 0.119,
            "seq_len=1024": 0.1825,
            "seq_len=2048": 0.204
        },
        "ltiqr": {
            "seq_len=64": 0.015,
            "seq_len=128": 0.025,
            "seq_len=256": 0.014,
            "seq_len=512": 0.017,
            "seq_len=1024": 0.006,
            "seq_len=2048": 0.007
        },
        "ltmean": {
            "seq_len=64": 0.017,
            "seq_len=128": 0.017,
            "seq_len=256": 0.011,
            "seq_len=512": 0.007,
            "seq_len=1024": 0.012,
            "seq_len=2048": 0.01
        },
        "ltslope": {
            "seq_len=64": 0.021,
            "seq_len=128": 0.024,
            "seq_len=256": 0.014,
            "seq_len=512": 0.006,
            "seq_len=1024": 0.006,
            "seq_len=2048": 0.007
        }
    }
}