{
    "AUC": {
        "clfa": {
            "seq_len=64": 0.4872395,
            "seq_len=128": 0.48910999999999993,
            "seq_len=256": 0.49628649999999996,
            "seq_len=512": 0.507457,
            "seq_len=1024": 0.511534,
            "seq_len=2048": 0.5138775
        },
        "s2conv": {
            "seq_len=64": 0.5114695,
            "seq_len=128": 0.5131125,
            "seq_len=256": 0.5280845000000001,
            "seq_len=512": 0.5363755,
            "seq_len=1024": 0.548277,
            "seq_len=2048": 0.5378325
        },
        "ltiqr": {
            "seq_len=64": 0.48853599999999997,
            "seq_len=128": 0.4938395,
            "seq_len=256": 0.49724199999999996,
            "seq_len=512": 0.5064305,
            "seq_len=1024": 0.5085980000000001,
            "seq_len=2048": 0.50386
        },
        "ltmean": {
            "seq_len=64": 0.49542050000000004,
            "seq_len=128": 0.4951985,
            "seq_len=256": 0.4919515,
            "seq_len=512": 0.503742,
            "seq_len=1024": 0.504953,
            "seq_len=2048": 0.502942
        },
        "ltslope": {
            "seq_len=64": 0.4870505,
            "seq_len=128": 0.49077550000000003,
            "seq_len=256": 0.49402949999999995,
            "seq_len=512": 0.504424,
            "seq_len=1024": 0.501035,
            "seq_len=2048": 0.50012
        }
    },
    "TPR": {
        "clfa": {
            "seq_len=64": 0.006,
            "seq_len=128": 0.003,
            "seq_len=256": 0.006,
            "seq_len=512": 0.007,
            "seq_len=1024": 0.005,
            "seq_len=2048": 0.007
        },
        "s2conv": {
            "seq_len=64": 0.015,
            "seq_len=128": 0.011,
            "seq_len=256": 0.014,
            "seq_len=512": 0.0055,
            "seq_len=1024": 0.019,
            "seq_len=2048": 0.013
        },
        "ltiqr": {
            "seq_len=64": 0.012,
            "seq_len=128": 0.004,
            "seq_len=256": 0.01,
            "seq_len=512": 0.015,
            "seq_len=1024": 0.018,
            "seq_len=2048": 0.01
        },
        "ltmean": {
            "seq_len=64": 0.008,
            "seq_len=128": 0.008,
            "seq_len=256": 0.009,
            "seq_len=512": 0.012,
            "seq_len=1024": 0.012,
            "seq_len=2048": 0.006
        },
        "ltslope": {
            "seq_len=64": 0.009,
            "seq_len=128": 0.004,
            "seq_len=256": 0.006,
            "seq_len=512": 0.009,
            "seq_len=1024": 0.016,
            "seq_len=2048": 0.013
        }
    }
}