{
    "AUC": {
        "clfa": {
            "seq_len=64": 0.51639,
            "seq_len=128": 0.553677,
            "seq_len=256": 0.619007,
            "seq_len=512": 0.7017425,
            "seq_len=1024": 0.784192,
            "seq_len=2048": 0.8529385
        },
        "s2conv": {
            "seq_len=64": 0.45867,
            "seq_len=128": 0.49803500000000006,
            "seq_len=256": 0.5881664999999999,
            "seq_len=512": 0.636047,
            "seq_len=1024": 0.6663475000000001,
            "seq_len=2048": 0.6553370000000001
        },
        "ltiqr": {
            "seq_len=64": 0.5830974999999999,
            "seq_len=128": 0.612196,
            "seq_len=256": 0.6215075,
            "seq_len=512": 0.631473,
            "seq_len=1024": 0.635285,
            "seq_len=2048": 0.6429515
        },
        "ltmean": {
            "seq_len=64": 0.572643,
            "seq_len=128": 0.608139,
            "seq_len=256": 0.6216379999999999,
            "seq_len=512": 0.635069,
            "seq_len=1024": 0.6503320000000001,
            "seq_len=2048": 0.666146
        },
        "ltslope": {
            "seq_len=64": 0.573113,
            "seq_len=128": 0.594336,
            "seq_len=256": 0.6070450000000001,
            "seq_len=512": 0.619243,
            "seq_len=1024": 0.624586,
            "seq_len=2048": 0.6304909999999999
        }
    },
    "TPR": {
        "clfa": {
            "seq_len=64": 0.01,
            "seq_len=128": 0.016,
            "seq_len=256": 0.011,
            "seq_len=512": 0.007,
            "seq_len=1024": 0.007,
            "seq_len=2048": 0.012
        },
        "s2conv": {
            "seq_len=64": 0.01,
            "seq_len=128": 0.014,
            "seq_len=256": 0.081,
            "seq_len=512": 0.202,
            "seq_len=1024": 0.2925,
            "seq_len=2048": 0.361
        },
        "ltiqr": {
            "seq_len=64": 0.016,
            "seq_len=128": 0.02,
            "seq_len=256": 0.029,
            "seq_len=512": 0.024,
            "seq_len=1024": 0.021,
            "seq_len=2048": 0.021
        },
        "ltmean": {
            "seq_len=64": 0.02,
            "seq_len=128": 0.015,
            "seq_len=256": 0.026,
            "seq_len=512": 0.016,
            "seq_len=1024": 0.019,
            "seq_len=2048": 0.021
        },
        "ltslope": {
            "seq_len=64": 0.019,
            "seq_len=128": 0.02,
            "seq_len=256": 0.018,
            "seq_len=512": 0.012,
            "seq_len=1024": 0.013,
            "seq_len=2048": 0.016
        }
    }
}