{
    "AUC": {
        "clfa": {
            "seq_len=64": 0.4930995,
            "seq_len=128": 0.5165235,
            "seq_len=256": 0.5474915,
            "seq_len=512": 0.584585,
            "seq_len=1024": 0.6673785,
            "seq_len=2048": 0.7367215
        },
        "s2conv": {
            "seq_len=64": 0.48521200000000003,
            "seq_len=128": 0.5119555,
            "seq_len=256": 0.540776,
            "seq_len=512": 0.601363,
            "seq_len=1024": 0.637197,
            "seq_len=2048": 0.6471044999999999
        },
        "ltiqr": {
            "seq_len=64": 0.5242519999999999,
            "seq_len=128": 0.526443,
            "seq_len=256": 0.5468569999999999,
            "seq_len=512": 0.552169,
            "seq_len=1024": 0.5667274999999999,
            "seq_len=2048": 0.5791765
        },
        "ltmean": {
            "seq_len=64": 0.523944,
            "seq_len=128": 0.528395,
            "seq_len=256": 0.5399740000000001,
            "seq_len=512": 0.5485369999999999,
            "seq_len=1024": 0.5644,
            "seq_len=2048": 0.5722084999999999
        },
        "ltslope": {
            "seq_len=64": 0.522116,
            "seq_len=128": 0.527445,
            "seq_len=256": 0.5397270000000001,
            "seq_len=512": 0.544872,
            "seq_len=1024": 0.557764,
            "seq_len=2048": 0.56237
        }
    },
    "TPR": {
        "clfa": {
            "seq_len=64": 0.006,
            "seq_len=128": 0.007,
            "seq_len=256": 0.011,
            "seq_len=512": 0.027,
            "seq_len=1024": 0.05,
            "seq_len=2048": 0.046
        },
        "s2conv": {
            "seq_len=64": 0.0112,
            "seq_len=128": 0.0154,
            "seq_len=256": 0.029,
            "seq_len=512": 0.123,
            "seq_len=1024": 0.217,
            "seq_len=2048": 0.236
        },
        "ltiqr": {
            "seq_len=64": 0.017,
            "seq_len=128": 0.021,
            "seq_len=256": 0.026,
            "seq_len=512": 0.028,
            "seq_len=1024": 0.03,
            "seq_len=2048": 0.045
        },
        "ltmean": {
            "seq_len=64": 0.014,
            "seq_len=128": 0.022,
            "seq_len=256": 0.022,
            "seq_len=512": 0.029,
            "seq_len=1024": 0.03,
            "seq_len=2048": 0.038
        },
        "ltslope": {
            "seq_len=64": 0.022,
            "seq_len=128": 0.021,
            "seq_len=256": 0.029,
            "seq_len=512": 0.025,
            "seq_len=1024": 0.025,
            "seq_len=2048": 0.035
        }
    }
}