{
    "AUC": {
        "clfa": {
            "seq_len=64": 0.48189600000000005,
            "seq_len=128": 0.5046625,
            "seq_len=256": 0.5311865,
            "seq_len=512": 0.545673,
            "seq_len=1024": 0.575629,
            "seq_len=2048": 0.599512
        },
        "s2conv": {
            "seq_len=64": 0.47505200000000003,
            "seq_len=128": 0.48946750000000006,
            "seq_len=256": 0.5061255,
            "seq_len=512": 0.541476,
            "seq_len=1024": 0.5690575,
            "seq_len=2048": 0.5607119999999999
        },
        "ltiqr": {
            "seq_len=64": 0.5201435,
            "seq_len=128": 0.5493285,
            "seq_len=256": 0.5549645000000001,
            "seq_len=512": 0.5563325,
            "seq_len=1024": 0.555121,
            "seq_len=2048": 0.5587255
        },
        "ltmean": {
            "seq_len=64": 0.5262249999999999,
            "seq_len=128": 0.5524640000000001,
            "seq_len=256": 0.5580315,
            "seq_len=512": 0.5586805,
            "seq_len=1024": 0.557883,
            "seq_len=2048": 0.56477
        },
        "ltslope": {
            "seq_len=64": 0.518402,
            "seq_len=128": 0.543866,
            "seq_len=256": 0.5512615000000001,
            "seq_len=512": 0.5477305,
            "seq_len=1024": 0.547013,
            "seq_len=2048": 0.553563
        }
    },
    "TPR": {
        "clfa": {
            "seq_len=64": 0.014,
            "seq_len=128": 0.014,
            "seq_len=256": 0.012,
            "seq_len=512": 0.007,
            "seq_len=1024": 0.016,
            "seq_len=2048": 0.004
        },
        "s2conv": {
            "seq_len=64": 0.008400000000000001,
            "seq_len=128": 0.0215,
            "seq_len=256": 0.0165,
            "seq_len=512": 0.016,
            "seq_len=1024": 0.013,
            "seq_len=2048": 0.014
        },
        "ltiqr": {
            "seq_len=64": 0.011,
            "seq_len=128": 0.014,
            "seq_len=256": 0.013,
            "seq_len=512": 0.01,
            "seq_len=1024": 0.012,
            "seq_len=2048": 0.007
        },
        "ltmean": {
            "seq_len=64": 0.019,
            "seq_len=128": 0.021,
            "seq_len=256": 0.021,
            "seq_len=512": 0.016,
            "seq_len=1024": 0.019,
            "seq_len=2048": 0.009
        },
        "ltslope": {
            "seq_len=64": 0.012,
            "seq_len=128": 0.015,
            "seq_len=256": 0.012,
            "seq_len=512": 0.015,
            "seq_len=1024": 0.01,
            "seq_len=2048": 0.002
        }
    }
}