{
    "AUC": {
        "clfa": {
            "seq_len=64": 0.519365,
            "seq_len=128": 0.555699,
            "seq_len=256": 0.6120965,
            "seq_len=512": 0.6862504999999999,
            "seq_len=1024": 0.7681364999999998,
            "seq_len=2048": 0.8362385
        },
        "s2conv": {
            "seq_len=64": 0.492555,
            "seq_len=128": 0.524708,
            "seq_len=256": 0.5935164999999999,
            "seq_len=512": 0.6441455,
            "seq_len=1024": 0.6762400000000001,
            "seq_len=2048": 0.6703534999999999
        },
        "ltiqr": {
            "seq_len=64": 0.5457375,
            "seq_len=128": 0.5692155,
            "seq_len=256": 0.591587,
            "seq_len=512": 0.613398,
            "seq_len=1024": 0.6164324999999999,
            "seq_len=2048": 0.623958
        },
        "ltmean": {
            "seq_len=64": 0.54596,
            "seq_len=128": 0.574293,
            "seq_len=256": 0.598261,
            "seq_len=512": 0.6187104999999999,
            "seq_len=1024": 0.626687,
            "seq_len=2048": 0.6374555
        },
        "ltslope": {
            "seq_len=64": 0.5438719999999999,
            "seq_len=128": 0.563833,
            "seq_len=256": 0.58279,
            "seq_len=512": 0.598181,
            "seq_len=1024": 0.601045,
            "seq_len=2048": 0.603664
        }
    },
    "TPR": {
        "clfa": {
            "seq_len=64": 0.015,
            "seq_len=128": 0.01,
            "seq_len=256": 0.011,
            "seq_len=512": 0.012,
            "seq_len=1024": 0.011,
            "seq_len=2048": 0.012
        },
        "s2conv": {
            "seq_len=64": 0.005666666666666667,
            "seq_len=128": 0.016999999999999998,
            "seq_len=256": 0.084,
            "seq_len=512": 0.202,
            "seq_len=1024": 0.33,
            "seq_len=2048": 0.334
        },
        "ltiqr": {
            "seq_len=64": 0.019,
            "seq_len=128": 0.014,
            "seq_len=256": 0.013,
            "seq_len=512": 0.022,
            "seq_len=1024": 0.021,
            "seq_len=2048": 0.019
        },
        "ltmean": {
            "seq_len=64": 0.016,
            "seq_len=128": 0.021,
            "seq_len=256": 0.01,
            "seq_len=512": 0.02,
            "seq_len=1024": 0.017,
            "seq_len=2048": 0.012
        },
        "ltslope": {
            "seq_len=64": 0.02,
            "seq_len=128": 0.017,
            "seq_len=256": 0.008,
            "seq_len=512": 0.022,
            "seq_len=1024": 0.012,
            "seq_len=2048": 0.01
        }
    }
}