{
    "AUC": {
        "clfa": {
            "seq_len=64": 0.5170975,
            "seq_len=128": 0.521057,
            "seq_len=256": 0.5372859999999999,
            "seq_len=512": 0.563069,
            "seq_len=1024": 0.5974579999999999,
            "seq_len=2048": 0.6251415
        },
        "s2conv": {
            "seq_len=64": 0.5194694999999999,
            "seq_len=128": 0.51152,
            "seq_len=256": 0.5255734999999999,
            "seq_len=512": 0.557763,
            "seq_len=1024": 0.5799924999999999,
            "seq_len=2048": 0.5864545000000001
        },
        "ltiqr": {
            "seq_len=64": 0.49737849999999995,
            "seq_len=128": 0.5231975,
            "seq_len=256": 0.545607,
            "seq_len=512": 0.5458275,
            "seq_len=1024": 0.551187,
            "seq_len=2048": 0.5539945
        },
        "ltmean": {
            "seq_len=64": 0.5066475,
            "seq_len=128": 0.526397,
            "seq_len=256": 0.5483979999999999,
            "seq_len=512": 0.5500665,
            "seq_len=1024": 0.554249,
            "seq_len=2048": 0.54818
        },
        "ltslope": {
            "seq_len=64": 0.5019545,
            "seq_len=128": 0.529218,
            "seq_len=256": 0.5471159999999999,
            "seq_len=512": 0.539581,
            "seq_len=1024": 0.545534,
            "seq_len=2048": 0.540629
        }
    },
    "TPR": {
        "clfa": {
            "seq_len=64": 0.007,
            "seq_len=128": 0.009,
            "seq_len=256": 0.011,
            "seq_len=512": 0.016,
            "seq_len=1024": 0.023,
            "seq_len=2048": 0.014
        },
        "s2conv": {
            "seq_len=64": 0.013,
            "seq_len=128": 0.0265,
            "seq_len=256": 0.028,
            "seq_len=512": 0.06,
            "seq_len=1024": 0.111,
            "seq_len=2048": 0.092
        },
        "ltiqr": {
            "seq_len=64": 0.01,
            "seq_len=128": 0.013,
            "seq_len=256": 0.011,
            "seq_len=512": 0.013,
            "seq_len=1024": 0.016,
            "seq_len=2048": 0.008
        },
        "ltmean": {
            "seq_len=64": 0.007,
            "seq_len=128": 0.013,
            "seq_len=256": 0.008,
            "seq_len=512": 0.015,
            "seq_len=1024": 0.009,
            "seq_len=2048": 0.007
        },
        "ltslope": {
            "seq_len=64": 0.009,
            "seq_len=128": 0.013,
            "seq_len=256": 0.01,
            "seq_len=512": 0.016,
            "seq_len=1024": 0.012,
            "seq_len=2048": 0.005
        }
    }
}