{
    "AUC": {
        "clfa": {
            "seq_len=64": 0.4805245,
            "seq_len=128": 0.511597,
            "seq_len=256": 0.54481,
            "seq_len=512": 0.6067465000000001,
            "seq_len=1024": 0.6951529999999999,
            "seq_len=2048": 0.761256
        },
        "s2conv": {
            "seq_len=64": 0.48596049999999996,
            "seq_len=128": 0.5035989999999999,
            "seq_len=256": 0.5438205,
            "seq_len=512": 0.6112885,
            "seq_len=1024": 0.6391965000000001,
            "seq_len=2048": 0.648876
        },
        "ltiqr": {
            "seq_len=64": 0.5214435,
            "seq_len=128": 0.544751,
            "seq_len=256": 0.5634064999999999,
            "seq_len=512": 0.569098,
            "seq_len=1024": 0.5823419999999999,
            "seq_len=2048": 0.5955605
        },
        "ltmean": {
            "seq_len=64": 0.5144059999999999,
            "seq_len=128": 0.535649,
            "seq_len=256": 0.5576295,
            "seq_len=512": 0.5661309999999999,
            "seq_len=1024": 0.5772950000000001,
            "seq_len=2048": 0.5909355000000001
        },
        "ltslope": {
            "seq_len=64": 0.5211250000000001,
            "seq_len=128": 0.539677,
            "seq_len=256": 0.55289,
            "seq_len=512": 0.5571349999999999,
            "seq_len=1024": 0.5692760000000001,
            "seq_len=2048": 0.576984
        }
    },
    "TPR": {
        "clfa": {
            "seq_len=64": 0.009,
            "seq_len=128": 0.01,
            "seq_len=256": 0.013,
            "seq_len=512": 0.033,
            "seq_len=1024": 0.081,
            "seq_len=2048": 0.071
        },
        "s2conv": {
            "seq_len=64": 0.0094,
            "seq_len=128": 0.014,
            "seq_len=256": 0.0345,
            "seq_len=512": 0.136,
            "seq_len=1024": 0.259,
            "seq_len=2048": 0.2715
        },
        "ltiqr": {
            "seq_len=64": 0.014,
            "seq_len=128": 0.014,
            "seq_len=256": 0.021,
            "seq_len=512": 0.04,
            "seq_len=1024": 0.037,
            "seq_len=2048": 0.039
        },
        "ltmean": {
            "seq_len=64": 0.008,
            "seq_len=128": 0.01,
            "seq_len=256": 0.017,
            "seq_len=512": 0.045,
            "seq_len=1024": 0.042,
            "seq_len=2048": 0.042
        },
        "ltslope": {
            "seq_len=64": 0.014,
            "seq_len=128": 0.016,
            "seq_len=256": 0.023,
            "seq_len=512": 0.026,
            "seq_len=1024": 0.024,
            "seq_len=2048": 0.027
        }
    }
}