{
    "AUC": {
        "clfa": {
            "seq_len=64": 0.48434350000000004,
            "seq_len=128": 0.506851,
            "seq_len=256": 0.5263045,
            "seq_len=512": 0.555218,
            "seq_len=1024": 0.577855,
            "seq_len=2048": 0.600149
        },
        "s2conv": {
            "seq_len=64": 0.47597249999999997,
            "seq_len=128": 0.48782050000000005,
            "seq_len=256": 0.49757799999999996,
            "seq_len=512": 0.537636,
            "seq_len=1024": 0.5642615,
            "seq_len=2048": 0.5501385000000001
        },
        "ltiqr": {
            "seq_len=64": 0.520644,
            "seq_len=128": 0.5482015,
            "seq_len=256": 0.5532715,
            "seq_len=512": 0.553125,
            "seq_len=1024": 0.559445,
            "seq_len=2048": 0.5656115
        },
        "ltmean": {
            "seq_len=64": 0.526696,
            "seq_len=128": 0.54669,
            "seq_len=256": 0.553751,
            "seq_len=512": 0.5547615,
            "seq_len=1024": 0.561338,
            "seq_len=2048": 0.575575
        },
        "ltslope": {
            "seq_len=64": 0.51355,
            "seq_len=128": 0.543129,
            "seq_len=256": 0.549432,
            "seq_len=512": 0.5448339999999999,
            "seq_len=1024": 0.5517320000000001,
            "seq_len=2048": 0.5603199999999999
        }
    },
    "TPR": {
        "clfa": {
            "seq_len=64": 0.01,
            "seq_len=128": 0.008,
            "seq_len=256": 0.013,
            "seq_len=512": 0.018,
            "seq_len=1024": 0.015,
            "seq_len=2048": 0.005
        },
        "s2conv": {
            "seq_len=64": 0.008666666666666668,
            "seq_len=128": 0.02,
            "seq_len=256": 0.022,
            "seq_len=512": 0.018,
            "seq_len=1024": 0.015,
            "seq_len=2048": 0.018
        },
        "ltiqr": {
            "seq_len=64": 0.015,
            "seq_len=128": 0.013,
            "seq_len=256": 0.014,
            "seq_len=512": 0.019,
            "seq_len=1024": 0.017,
            "seq_len=2048": 0.007
        },
        "ltmean": {
            "seq_len=64": 0.015,
            "seq_len=128": 0.021,
            "seq_len=256": 0.013,
            "seq_len=512": 0.016,
            "seq_len=1024": 0.024,
            "seq_len=2048": 0.009
        },
        "ltslope": {
            "seq_len=64": 0.006,
            "seq_len=128": 0.012,
            "seq_len=256": 0.012,
            "seq_len=512": 0.017,
            "seq_len=1024": 0.013,
            "seq_len=2048": 0.004
        }
    }
}