{
    "AUC": {
        "loss": {
            "seq_len=64": 0.5184095,
            "seq_len=128": 0.523693,
            "seq_len=256": 0.5116325,
            "seq_len=512": 0.49641250000000003,
            "seq_len=1024": 0.4933715,
            "seq_len=2048": 0.49899499999999997
        },
        "minkprob": {
            "seq_len=64": 0.5292275,
            "seq_len=128": 0.531867,
            "seq_len=256": 0.511308,
            "seq_len=512": 0.501092,
            "seq_len=1024": 0.49352549999999995,
            "seq_len=2048": 0.49960249999999995
        },
        "ratio": {
            "seq_len=64": 0.495895,
            "seq_len=128": 0.48378600000000005,
            "seq_len=256": 0.49526849999999994,
            "seq_len=512": 0.49474500000000005,
            "seq_len=1024": 0.49772049999999995,
            "seq_len=2048": 0.5002135
        },
        "ltiqr": {
            "seq_len=64": 0.490532,
            "seq_len=128": 0.496191,
            "seq_len=256": 0.49402599999999997,
            "seq_len=512": 0.5005555,
            "seq_len=1024": 0.501427,
            "seq_len=2048": 0.49789349999999993
        },
        "ltmean": {
            "seq_len=64": 0.5176014999999999,
            "seq_len=128": 0.5229839999999999,
            "seq_len=256": 0.511909,
            "seq_len=512": 0.49546399999999996,
            "seq_len=1024": 0.49402350000000006,
            "seq_len=2048": 0.5006245
        },
        "ltslope": {
            "seq_len=64": 0.493056,
            "seq_len=128": 0.4932615,
            "seq_len=256": 0.49274299999999993,
            "seq_len=512": 0.4945735,
            "seq_len=1024": 0.49117449999999996,
            "seq_len=2048": 0.48727849999999995
        },
        "clfa": {
            "seq_len=64": 0.48726349999999996,
            "seq_len=128": 0.496367,
            "seq_len=256": 0.49925250000000004,
            "seq_len=512": 0.4975045,
            "seq_len=1024": 0.49457799999999996,
            "seq_len=2048": 0.49791849999999993
        },
        "fod_mean": {
            "seq_len=64": 0.516818,
            "seq_len=128": 0.5211005,
            "seq_len=256": 0.5100155000000001,
            "seq_len=512": 0.49510750000000003,
            "seq_len=1024": 0.4932415,
            "seq_len=2048": 0.49935050000000003
        },
        "fod_abs_mean": {
            "seq_len=64": 0.48726349999999996,
            "seq_len=128": 0.496367,
            "seq_len=256": 0.49925250000000004,
            "seq_len=512": 0.4975045,
            "seq_len=1024": 0.49457799999999996,
            "seq_len=2048": 0.49791849999999993
        },
        "ema_iqr_0.1": {
            "seq_len=64": 0.48963200000000007,
            "seq_len=128": 0.49694550000000004,
            "seq_len=256": 0.49494000000000005,
            "seq_len=512": 0.5003650000000001,
            "seq_len=1024": 0.5020775,
            "seq_len=2048": 0.49812850000000003
        },
        "ema_iqr_0.5": {
            "seq_len=64": 0.488819,
            "seq_len=128": 0.4994335,
            "seq_len=256": 0.49634500000000004,
            "seq_len=512": 0.501439,
            "seq_len=1024": 0.5031915,
            "seq_len=2048": 0.49901949999999995
        },
        "ema_slope_0.1": {
            "seq_len=64": 0.493298,
            "seq_len=128": 0.4934715,
            "seq_len=256": 0.492884,
            "seq_len=512": 0.49433399999999994,
            "seq_len=1024": 0.4910045,
            "seq_len=2048": 0.48724649999999997
        },
        "ema_slope_0.5": {
            "seq_len=64": 0.493945,
            "seq_len=128": 0.49479149999999994,
            "seq_len=256": 0.49355499999999997,
            "seq_len=512": 0.493248,
            "seq_len=1024": 0.4911515,
            "seq_len=2048": 0.4890655
        }
    },
    "TPR": {
        "loss": {
            "seq_len=64": 0.012000000000000002,
            "seq_len=128": 0.014666666666666668,
            "seq_len=256": 0.007,
            "seq_len=512": 0.011,
            "seq_len=1024": 0.009,
            "seq_len=2048": 0.012
        },
        "minkprob": {
            "seq_len=64": 0.014,
            "seq_len=128": 0.02,
            "seq_len=256": 0.01,
            "seq_len=512": 0.012,
            "seq_len=1024": 0.011,
            "seq_len=2048": 0.015
        },
        "ratio": {
            "seq_len=64": 0.005,
            "seq_len=128": 0.014,
            "seq_len=256": 0.008,
            "seq_len=512": 0.015,
            "seq_len=1024": 0.013,
            "seq_len=2048": 0.016
        },
        "ltiqr": {
            "seq_len=64": 0.008,
            "seq_len=128": 0.009,
            "seq_len=256": 0.008,
            "seq_len=512": 0.012,
            "seq_len=1024": 0.007,
            "seq_len=2048": 0.008
        },
        "ltmean": {
            "seq_len=64": 0.014083333333333335,
            "seq_len=128": 0.01,
            "seq_len=256": 0.008,
            "seq_len=512": 0.007,
            "seq_len=1024": 0.011,
            "seq_len=2048": 0.015
        },
        "ltslope": {
            "seq_len=64": 0.008,
            "seq_len=128": 0.009,
            "seq_len=256": 0.009,
            "seq_len=512": 0.006,
            "seq_len=1024": 0.009,
            "seq_len=2048": 0.006
        },
        "clfa": {
            "seq_len=64": 0.015,
            "seq_len=128": 0.01,
            "seq_len=256": 0.01,
            "seq_len=512": 0.009,
            "seq_len=1024": 0.006,
            "seq_len=2048": 0.005
        },
        "fod_mean": {
            "seq_len=64": 0.008,
            "seq_len=128": 0.008,
            "seq_len=256": 0.01,
            "seq_len=512": 0.012,
            "seq_len=1024": 0.013,
            "seq_len=2048": 0.007
        },
        "fod_abs_mean": {
            "seq_len=64": 0.015,
            "seq_len=128": 0.01,
            "seq_len=256": 0.01,
            "seq_len=512": 0.009,
            "seq_len=1024": 0.006,
            "seq_len=2048": 0.005
        },
        "ema_iqr_0.1": {
            "seq_len=64": 0.008,
            "seq_len=128": 0.009,
            "seq_len=256": 0.006,
            "seq_len=512": 0.012,
            "seq_len=1024": 0.008,
            "seq_len=2048": 0.008
        },
        "ema_iqr_0.5": {
            "seq_len=64": 0.009,
            "seq_len=128": 0.008,
            "seq_len=256": 0.006,
            "seq_len=512": 0.009,
            "seq_len=1024": 0.008,
            "seq_len=2048": 0.007
        },
        "ema_slope_0.1": {
            "seq_len=64": 0.009,
            "seq_len=128": 0.009,
            "seq_len=256": 0.009,
            "seq_len=512": 0.006,
            "seq_len=1024": 0.009,
            "seq_len=2048": 0.006
        },
        "ema_slope_0.5": {
            "seq_len=64": 0.009,
            "seq_len=128": 0.009,
            "seq_len=256": 0.009,
            "seq_len=512": 0.006,
            "seq_len=1024": 0.009,
            "seq_len=2048": 0.006
        }
    }
}