{
    "AUC": {
        "loss": {
            "seq_len=64": 0.5158469999999999,
            "seq_len=128": 0.5151125,
            "seq_len=256": 0.49998450000000005,
            "seq_len=512": 0.5118845000000001,
            "seq_len=1024": 0.502547,
            "seq_len=2048": 0.50659
        },
        "minkprob": {
            "seq_len=64": 0.5036510000000001,
            "seq_len=128": 0.5058069999999999,
            "seq_len=256": 0.5023605,
            "seq_len=512": 0.49797749999999996,
            "seq_len=1024": 0.4984934999999999,
            "seq_len=2048": 0.5047204999999999
        },
        "ratio": {
            "seq_len=64": 0.499645,
            "seq_len=128": 0.495072,
            "seq_len=256": 0.493784,
            "seq_len=512": 0.499549,
            "seq_len=1024": 0.490412,
            "seq_len=2048": 0.485704
        },
        "ltiqr": {
            "seq_len=64": 0.5095045,
            "seq_len=128": 0.5071330000000001,
            "seq_len=256": 0.523364,
            "seq_len=512": 0.5171365,
            "seq_len=1024": 0.5103375,
            "seq_len=2048": 0.50354
        },
        "ltmean": {
            "seq_len=64": 0.514722,
            "seq_len=128": 0.5147325,
            "seq_len=256": 0.49874450000000004,
            "seq_len=512": 0.510719,
            "seq_len=1024": 0.501455,
            "seq_len=2048": 0.505449
        },
        "ltslope": {
            "seq_len=64": 0.517806,
            "seq_len=128": 0.5134675,
            "seq_len=256": 0.524828,
            "seq_len=512": 0.517743,
            "seq_len=1024": 0.515485,
            "seq_len=2048": 0.5061805
        },
        "clfa": {
            "seq_len=64": 0.5249435,
            "seq_len=128": 0.529895,
            "seq_len=256": 0.5208135,
            "seq_len=512": 0.5224725,
            "seq_len=1024": 0.5246435,
            "seq_len=2048": 0.523572
        },
        "fod_mean": {
            "seq_len=64": 0.5165135,
            "seq_len=128": 0.5130995,
            "seq_len=256": 0.498727,
            "seq_len=512": 0.5111365,
            "seq_len=1024": 0.5011475,
            "seq_len=2048": 0.5055115
        },
        "fod_abs_mean": {
            "seq_len=64": 0.5249435,
            "seq_len=128": 0.529895,
            "seq_len=256": 0.5208135,
            "seq_len=512": 0.5224725,
            "seq_len=1024": 0.5246435,
            "seq_len=2048": 0.523572
        },
        "ema_iqr_0.1": {
            "seq_len=64": 0.509337,
            "seq_len=128": 0.507726,
            "seq_len=256": 0.522338,
            "seq_len=512": 0.516696,
            "seq_len=1024": 0.510528,
            "seq_len=2048": 0.504166
        },
        "ema_iqr_0.5": {
            "seq_len=64": 0.5083719999999999,
            "seq_len=128": 0.506965,
            "seq_len=256": 0.523014,
            "seq_len=512": 0.517049,
            "seq_len=1024": 0.511657,
            "seq_len=2048": 0.504772
        },
        "ema_slope_0.1": {
            "seq_len=64": 0.517765,
            "seq_len=128": 0.513423,
            "seq_len=256": 0.524945,
            "seq_len=512": 0.517771,
            "seq_len=1024": 0.515462,
            "seq_len=2048": 0.5071079999999999
        },
        "ema_slope_0.5": {
            "seq_len=64": 0.518492,
            "seq_len=128": 0.513485,
            "seq_len=256": 0.523384,
            "seq_len=512": 0.5174639999999999,
            "seq_len=1024": 0.5153129999999999,
            "seq_len=2048": 0.512279
        }
    },
    "TPR": {
        "loss": {
            "seq_len=64": 0.015,
            "seq_len=128": 0.014,
            "seq_len=256": 0.007,
            "seq_len=512": 0.01,
            "seq_len=1024": 0.01,
            "seq_len=2048": 0.008
        },
        "minkprob": {
            "seq_len=64": 0.015,
            "seq_len=128": 0.019,
            "seq_len=256": 0.01,
            "seq_len=512": 0.01,
            "seq_len=1024": 0.011,
            "seq_len=2048": 0.007
        },
        "ratio": {
            "seq_len=64": 0.016,
            "seq_len=128": 0.013,
            "seq_len=256": 0.013,
            "seq_len=512": 0.013,
            "seq_len=1024": 0.008,
            "seq_len=2048": 0.009
        },
        "ltiqr": {
            "seq_len=64": 0.017,
            "seq_len=128": 0.019,
            "seq_len=256": 0.025,
            "seq_len=512": 0.016,
            "seq_len=1024": 0.011,
            "seq_len=2048": 0.011000000000000001
        },
        "ltmean": {
            "seq_len=64": 0.01,
            "seq_len=128": 0.012,
            "seq_len=256": 0.01,
            "seq_len=512": 0.009,
            "seq_len=1024": 0.009,
            "seq_len=2048": 0.008
        },
        "ltslope": {
            "seq_len=64": 0.019,
            "seq_len=128": 0.025,
            "seq_len=256": 0.02,
            "seq_len=512": 0.017,
            "seq_len=1024": 0.008,
            "seq_len=2048": 0.015
        },
        "clfa": {
            "seq_len=64": 0.01,
            "seq_len=128": 0.017,
            "seq_len=256": 0.013,
            "seq_len=512": 0.011,
            "seq_len=1024": 0.012,
            "seq_len=2048": 0.005
        },
        "fod_mean": {
            "seq_len=64": 0.014,
            "seq_len=128": 0.017,
            "seq_len=256": 0.006,
            "seq_len=512": 0.008,
            "seq_len=1024": 0.01,
            "seq_len=2048": 0.007
        },
        "fod_abs_mean": {
            "seq_len=64": 0.01,
            "seq_len=128": 0.017,
            "seq_len=256": 0.013,
            "seq_len=512": 0.011,
            "seq_len=1024": 0.012,
            "seq_len=2048": 0.005
        },
        "ema_iqr_0.1": {
            "seq_len=64": 0.017,
            "seq_len=128": 0.017,
            "seq_len=256": 0.024,
            "seq_len=512": 0.018,
            "seq_len=1024": 0.011,
            "seq_len=2048": 0.011
        },
        "ema_iqr_0.5": {
            "seq_len=64": 0.014,
            "seq_len=128": 0.019,
            "seq_len=256": 0.023,
            "seq_len=512": 0.019,
            "seq_len=1024": 0.011,
            "seq_len=2048": 0.014
        },
        "ema_slope_0.1": {
            "seq_len=64": 0.019,
            "seq_len=128": 0.025,
            "seq_len=256": 0.019,
            "seq_len=512": 0.017,
            "seq_len=1024": 0.008,
            "seq_len=2048": 0.016
        },
        "ema_slope_0.5": {
            "seq_len=64": 0.018,
            "seq_len=128": 0.025,
            "seq_len=256": 0.019,
            "seq_len=512": 0.016,
            "seq_len=1024": 0.008,
            "seq_len=2048": 0.015
        }
    }
}