{
    "AUC": {
        "loss": {
            "seq_len=64": 0.507245,
            "seq_len=128": 0.5101625,
            "seq_len=256": 0.5104145,
            "seq_len=512": 0.519827,
            "seq_len=1024": 0.5190865,
            "seq_len=2048": 0.5163464999999999
        },
        "minkprob": {
            "seq_len=64": 0.5261505,
            "seq_len=128": 0.5291885,
            "seq_len=256": 0.5310275,
            "seq_len=512": 0.5389665,
            "seq_len=1024": 0.544821,
            "seq_len=2048": 0.542964
        },
        "ratio": {
            "seq_len=64": 0.49175100000000005,
            "seq_len=128": 0.48217350000000003,
            "seq_len=256": 0.48311750000000003,
            "seq_len=512": 0.49088,
            "seq_len=1024": 0.485207,
            "seq_len=2048": 0.501451
        },
        "ltiqr": {
            "seq_len=64": 0.5045075,
            "seq_len=128": 0.523007,
            "seq_len=256": 0.523773,
            "seq_len=512": 0.5346700000000001,
            "seq_len=1024": 0.543891,
            "seq_len=2048": 0.5395005
        },
        "ltmean": {
            "seq_len=64": 0.5051645,
            "seq_len=128": 0.5084405,
            "seq_len=256": 0.5092045,
            "seq_len=512": 0.5178995000000001,
            "seq_len=1024": 0.5170899999999999,
            "seq_len=2048": 0.515251
        },
        "ltslope": {
            "seq_len=64": 0.5204275,
            "seq_len=128": 0.524638,
            "seq_len=256": 0.529027,
            "seq_len=512": 0.539112,
            "seq_len=1024": 0.5451395,
            "seq_len=2048": 0.542833
        },
        "clfa": {
            "seq_len=64": 0.4951665,
            "seq_len=128": 0.518072,
            "seq_len=256": 0.5230435,
            "seq_len=512": 0.53995,
            "seq_len=1024": 0.5588195,
            "seq_len=2048": 0.5615315
        },
        "fod_mean": {
            "seq_len=64": 0.509314,
            "seq_len=128": 0.5114615,
            "seq_len=256": 0.5109725,
            "seq_len=512": 0.518974,
            "seq_len=1024": 0.5178285,
            "seq_len=2048": 0.516262
        },
        "fod_abs_mean": {
            "seq_len=64": 0.4951665,
            "seq_len=128": 0.518072,
            "seq_len=256": 0.5230435,
            "seq_len=512": 0.53995,
            "seq_len=1024": 0.5588195,
            "seq_len=2048": 0.5615315
        },
        "ema_iqr_0.1": {
            "seq_len=64": 0.5069764999999999,
            "seq_len=128": 0.5238970000000001,
            "seq_len=256": 0.524107,
            "seq_len=512": 0.53464,
            "seq_len=1024": 0.5441929999999999,
            "seq_len=2048": 0.538399
        },
        "ema_iqr_0.5": {
            "seq_len=64": 0.5134084999999999,
            "seq_len=128": 0.523286,
            "seq_len=256": 0.526214,
            "seq_len=512": 0.534186,
            "seq_len=1024": 0.544314,
            "seq_len=2048": 0.537319
        },
        "ema_slope_0.1": {
            "seq_len=64": 0.5206995,
            "seq_len=128": 0.524813,
            "seq_len=256": 0.529175,
            "seq_len=512": 0.539709,
            "seq_len=1024": 0.545501,
            "seq_len=2048": 0.5437430000000001
        },
        "ema_slope_0.5": {
            "seq_len=64": 0.5227565000000001,
            "seq_len=128": 0.525382,
            "seq_len=256": 0.529848,
            "seq_len=512": 0.542745,
            "seq_len=1024": 0.547136,
            "seq_len=2048": 0.5457789999999999
        }
    },
    "TPR": {
        "loss": {
            "seq_len=64": 0.011,
            "seq_len=128": 0.007,
            "seq_len=256": 0.009,
            "seq_len=512": 0.009,
            "seq_len=1024": 0.006,
            "seq_len=2048": 0.007
        },
        "minkprob": {
            "seq_len=64": 0.009,
            "seq_len=128": 0.008,
            "seq_len=256": 0.013,
            "seq_len=512": 0.014,
            "seq_len=1024": 0.009,
            "seq_len=2048": 0.011
        },
        "ratio": {
            "seq_len=64": 0.006,
            "seq_len=128": 0.01,
            "seq_len=256": 0.008,
            "seq_len=512": 0.008,
            "seq_len=1024": 0.009,
            "seq_len=2048": 0.009
        },
        "ltiqr": {
            "seq_len=64": 0.016,
            "seq_len=128": 0.024,
            "seq_len=256": 0.022,
            "seq_len=512": 0.019,
            "seq_len=1024": 0.024,
            "seq_len=2048": 0.02
        },
        "ltmean": {
            "seq_len=64": 0.011,
            "seq_len=128": 0.007,
            "seq_len=256": 0.008,
            "seq_len=512": 0.009,
            "seq_len=1024": 0.006,
            "seq_len=2048": 0.006
        },
        "ltslope": {
            "seq_len=64": 0.013,
            "seq_len=128": 0.018,
            "seq_len=256": 0.015,
            "seq_len=512": 0.018,
            "seq_len=1024": 0.022,
            "seq_len=2048": 0.02
        },
        "clfa": {
            "seq_len=64": 0.012,
            "seq_len=128": 0.008,
            "seq_len=256": 0.011,
            "seq_len=512": 0.014,
            "seq_len=1024": 0.009,
            "seq_len=2048": 0.013
        },
        "fod_mean": {
            "seq_len=64": 0.015,
            "seq_len=128": 0.007,
            "seq_len=256": 0.009,
            "seq_len=512": 0.01,
            "seq_len=1024": 0.007,
            "seq_len=2048": 0.007
        },
        "fod_abs_mean": {
            "seq_len=64": 0.012,
            "seq_len=128": 0.008,
            "seq_len=256": 0.011,
            "seq_len=512": 0.014,
            "seq_len=1024": 0.009,
            "seq_len=2048": 0.013
        },
        "ema_iqr_0.1": {
            "seq_len=64": 0.017,
            "seq_len=128": 0.024,
            "seq_len=256": 0.024,
            "seq_len=512": 0.018,
            "seq_len=1024": 0.021,
            "seq_len=2048": 0.02
        },
        "ema_iqr_0.5": {
            "seq_len=64": 0.015,
            "seq_len=128": 0.019,
            "seq_len=256": 0.027,
            "seq_len=512": 0.019,
            "seq_len=1024": 0.022,
            "seq_len=2048": 0.019
        },
        "ema_slope_0.1": {
            "seq_len=64": 0.013,
            "seq_len=128": 0.018,
            "seq_len=256": 0.015,
            "seq_len=512": 0.018,
            "seq_len=1024": 0.021,
            "seq_len=2048": 0.02
        },
        "ema_slope_0.5": {
            "seq_len=64": 0.012,
            "seq_len=128": 0.018,
            "seq_len=256": 0.018,
            "seq_len=512": 0.024,
            "seq_len=1024": 0.019,
            "seq_len=2048": 0.022
        }
    }
}