{
    "AUC": {
        "loss": {
            "seq_len=64": 0.5153885,
            "seq_len=128": 0.510346,
            "seq_len=256": 0.5066809999999999,
            "seq_len=512": 0.521079,
            "seq_len=1024": 0.5175164999999999,
            "seq_len=2048": 0.5159125
        },
        "minkprob": {
            "seq_len=64": 0.5182395000000001,
            "seq_len=128": 0.5029395,
            "seq_len=256": 0.5153300000000001,
            "seq_len=512": 0.528738,
            "seq_len=1024": 0.527096,
            "seq_len=2048": 0.5198285
        },
        "ratio": {
            "seq_len=64": 0.5112245,
            "seq_len=128": 0.502153,
            "seq_len=256": 0.509736,
            "seq_len=512": 0.510728,
            "seq_len=1024": 0.5183065,
            "seq_len=2048": 0.519325
        },
        "ltiqr": {
            "seq_len=64": 0.494205,
            "seq_len=128": 0.49842700000000006,
            "seq_len=256": 0.5090355,
            "seq_len=512": 0.5031105,
            "seq_len=1024": 0.50731,
            "seq_len=2048": 0.5137995
        },
        "ltmean": {
            "seq_len=64": 0.517439,
            "seq_len=128": 0.5105864999999999,
            "seq_len=256": 0.507129,
            "seq_len=512": 0.522944,
            "seq_len=1024": 0.5183485,
            "seq_len=2048": 0.5157974999999999
        },
        "ltslope": {
            "seq_len=64": 0.5042475,
            "seq_len=128": 0.5082194999999999,
            "seq_len=256": 0.5192034999999999,
            "seq_len=512": 0.505969,
            "seq_len=1024": 0.516653,
            "seq_len=2048": 0.523853
        },
        "clfa": {
            "seq_len=64": 0.48377899999999996,
            "seq_len=128": 0.492548,
            "seq_len=256": 0.5271285,
            "seq_len=512": 0.537007,
            "seq_len=1024": 0.540064,
            "seq_len=2048": 0.5385355000000001
        },
        "fod_mean": {
            "seq_len=64": 0.518921,
            "seq_len=128": 0.5136609999999999,
            "seq_len=256": 0.5112375,
            "seq_len=512": 0.5240935,
            "seq_len=1024": 0.5207245,
            "seq_len=2048": 0.5170345000000001
        },
        "fod_abs_mean": {
            "seq_len=64": 0.48377899999999996,
            "seq_len=128": 0.492548,
            "seq_len=256": 0.5271285,
            "seq_len=512": 0.537007,
            "seq_len=1024": 0.540064,
            "seq_len=2048": 0.5385355000000001
        },
        "ema_iqr_0.1": {
            "seq_len=64": 0.4950325,
            "seq_len=128": 0.4981789999999999,
            "seq_len=256": 0.5089375,
            "seq_len=512": 0.5002925,
            "seq_len=1024": 0.505741,
            "seq_len=2048": 0.513706
        },
        "ema_iqr_0.5": {
            "seq_len=64": 0.49414249999999993,
            "seq_len=128": 0.501076,
            "seq_len=256": 0.5091825000000001,
            "seq_len=512": 0.49816550000000004,
            "seq_len=1024": 0.502937,
            "seq_len=2048": 0.511323
        },
        "ema_slope_0.1": {
            "seq_len=64": 0.5046145,
            "seq_len=128": 0.508559,
            "seq_len=256": 0.5194565,
            "seq_len=512": 0.5065215000000001,
            "seq_len=1024": 0.517034,
            "seq_len=2048": 0.5244800000000001
        },
        "ema_slope_0.5": {
            "seq_len=64": 0.5077105,
            "seq_len=128": 0.5104949999999999,
            "seq_len=256": 0.5198375,
            "seq_len=512": 0.5091835,
            "seq_len=1024": 0.5191859999999999,
            "seq_len=2048": 0.528599
        }
    },
    "TPR": {
        "loss": {
            "seq_len=64": 0.014,
            "seq_len=128": 0.01,
            "seq_len=256": 0.014,
            "seq_len=512": 0.009,
            "seq_len=1024": 0.014,
            "seq_len=2048": 0.014
        },
        "minkprob": {
            "seq_len=64": 0.009,
            "seq_len=128": 0.013,
            "seq_len=256": 0.014,
            "seq_len=512": 0.008,
            "seq_len=1024": 0.013,
            "seq_len=2048": 0.015
        },
        "ratio": {
            "seq_len=64": 0.016,
            "seq_len=128": 0.011,
            "seq_len=256": 0.022,
            "seq_len=512": 0.012,
            "seq_len=1024": 0.012,
            "seq_len=2048": 0.023
        },
        "ltiqr": {
            "seq_len=64": 0.013,
            "seq_len=128": 0.011,
            "seq_len=256": 0.005,
            "seq_len=512": 0.008,
            "seq_len=1024": 0.012,
            "seq_len=2048": 0.007
        },
        "ltmean": {
            "seq_len=64": 0.017,
            "seq_len=128": 0.009,
            "seq_len=256": 0.016,
            "seq_len=512": 0.008,
            "seq_len=1024": 0.014,
            "seq_len=2048": 0.013
        },
        "ltslope": {
            "seq_len=64": 0.014,
            "seq_len=128": 0.007,
            "seq_len=256": 0.004,
            "seq_len=512": 0.006,
            "seq_len=1024": 0.013,
            "seq_len=2048": 0.012
        },
        "clfa": {
            "seq_len=64": 0.013,
            "seq_len=128": 0.011,
            "seq_len=256": 0.006,
            "seq_len=512": 0.008,
            "seq_len=1024": 0.011,
            "seq_len=2048": 0.015
        },
        "fod_mean": {
            "seq_len=64": 0.016,
            "seq_len=128": 0.013,
            "seq_len=256": 0.014,
            "seq_len=512": 0.008,
            "seq_len=1024": 0.016,
            "seq_len=2048": 0.015
        },
        "fod_abs_mean": {
            "seq_len=64": 0.013,
            "seq_len=128": 0.011,
            "seq_len=256": 0.006,
            "seq_len=512": 0.008,
            "seq_len=1024": 0.011,
            "seq_len=2048": 0.015
        },
        "ema_iqr_0.1": {
            "seq_len=64": 0.015,
            "seq_len=128": 0.011,
            "seq_len=256": 0.006,
            "seq_len=512": 0.007,
            "seq_len=1024": 0.012,
            "seq_len=2048": 0.009
        },
        "ema_iqr_0.5": {
            "seq_len=64": 0.015,
            "seq_len=128": 0.013,
            "seq_len=256": 0.006,
            "seq_len=512": 0.007,
            "seq_len=1024": 0.011,
            "seq_len=2048": 0.01
        },
        "ema_slope_0.1": {
            "seq_len=64": 0.014,
            "seq_len=128": 0.007,
            "seq_len=256": 0.004,
            "seq_len=512": 0.006,
            "seq_len=1024": 0.013,
            "seq_len=2048": 0.012
        },
        "ema_slope_0.5": {
            "seq_len=64": 0.016,
            "seq_len=128": 0.007,
            "seq_len=256": 0.004,
            "seq_len=512": 0.01,
            "seq_len=1024": 0.014,
            "seq_len=2048": 0.018
        }
    }
}