{
    "AUC": {
        "clfa": {
            "seq_len=64": 0.5168314999999999,
            "seq_len=128": 0.5243275000000001,
            "seq_len=256": 0.5324705,
            "seq_len=512": 0.5138099999999999,
            "seq_len=1024": 0.5232315000000001,
            "seq_len=2048": 0.5137095
        },
        "s2conv": {
            "seq_len=64": 0.510927,
            "seq_len=128": 0.5186655,
            "seq_len=256": 0.5209635,
            "seq_len=512": 0.5086775,
            "seq_len=1024": 0.5042535,
            "seq_len=2048": 0.4990565
        },
        "ltiqr": {
            "seq_len=64": 0.5123885,
            "seq_len=128": 0.5076065,
            "seq_len=256": 0.513304,
            "seq_len=512": 0.5154525,
            "seq_len=1024": 0.512502,
            "seq_len=2048": 0.4925005
        },
        "ltmean": {
            "seq_len=64": 0.4986045,
            "seq_len=128": 0.49179100000000003,
            "seq_len=256": 0.47969,
            "seq_len=512": 0.48198100000000005,
            "seq_len=1024": 0.492518,
            "seq_len=2048": 0.49229449999999997
        },
        "ltslope": {
            "seq_len=64": 0.49552749999999995,
            "seq_len=128": 0.49581299999999995,
            "seq_len=256": 0.5049549999999999,
            "seq_len=512": 0.49871600000000005,
            "seq_len=1024": 0.506783,
            "seq_len=2048": 0.49610899999999997
        }
    },
    "TPR": {
        "clfa": {
            "seq_len=64": 0.009,
            "seq_len=128": 0.009,
            "seq_len=256": 0.006,
            "seq_len=512": 0.007,
            "seq_len=1024": 0.008,
            "seq_len=2048": 0.006
        },
        "s2conv": {
            "seq_len=64": 0.009555555555555555,
            "seq_len=128": 0.011,
            "seq_len=256": 0.004714285714285714,
            "seq_len=512": 0.018,
            "seq_len=1024": 0.011,
            "seq_len=2048": 0.015
        },
        "ltiqr": {
            "seq_len=64": 0.012,
            "seq_len=128": 0.018,
            "seq_len=256": 0.014,
            "seq_len=512": 0.01,
            "seq_len=1024": 0.007,
            "seq_len=2048": 0.007
        },
        "ltmean": {
            "seq_len=64": 0.006,
            "seq_len=128": 0.01,
            "seq_len=256": 0.009,
            "seq_len=512": 0.012,
            "seq_len=1024": 0.012,
            "seq_len=2048": 0.008
        },
        "ltslope": {
            "seq_len=64": 0.018,
            "seq_len=128": 0.018,
            "seq_len=256": 0.014,
            "seq_len=512": 0.012,
            "seq_len=1024": 0.004,
            "seq_len=2048": 0.005
        }
    }
}