{
    "AUC": {
        "clfa": {
            "seq_len=64": 0.49348600000000004,
            "seq_len=128": 0.49640449999999997,
            "seq_len=256": 0.5003869999999999,
            "seq_len=512": 0.514181,
            "seq_len=1024": 0.5186785,
            "seq_len=2048": 0.5367385
        },
        "s2conv": {
            "seq_len=64": 0.484853,
            "seq_len=128": 0.4937295,
            "seq_len=256": 0.496602,
            "seq_len=512": 0.49743050000000005,
            "seq_len=1024": 0.493382,
            "seq_len=2048": 0.5129030000000001
        },
        "ltiqr": {
            "seq_len=64": 0.496969,
            "seq_len=128": 0.5018385,
            "seq_len=256": 0.5233990000000001,
            "seq_len=512": 0.532888,
            "seq_len=1024": 0.5272375,
            "seq_len=2048": 0.520571
        },
        "ltmean": {
            "seq_len=64": 0.49476999999999993,
            "seq_len=128": 0.504804,
            "seq_len=256": 0.510466,
            "seq_len=512": 0.518251,
            "seq_len=1024": 0.514938,
            "seq_len=2048": 0.514213
        },
        "ltslope": {
            "seq_len=64": 0.513683,
            "seq_len=128": 0.5161209999999999,
            "seq_len=256": 0.5194179999999999,
            "seq_len=512": 0.522435,
            "seq_len=1024": 0.526964,
            "seq_len=2048": 0.52172
        }
    },
    "TPR": {
        "clfa": {
            "seq_len=64": 0.009,
            "seq_len=128": 0.014,
            "seq_len=256": 0.013,
            "seq_len=512": 0.01,
            "seq_len=1024": 0.016,
            "seq_len=2048": 0.02
        },
        "s2conv": {
            "seq_len=64": 0.010750000000000001,
            "seq_len=128": 0.004714285714285714,
            "seq_len=256": 0.006333333333333334,
            "seq_len=512": 0.004,
            "seq_len=1024": 0.003,
            "seq_len=2048": 0.008
        },
        "ltiqr": {
            "seq_len=64": 0.01,
            "seq_len=128": 0.008,
            "seq_len=256": 0.011,
            "seq_len=512": 0.01,
            "seq_len=1024": 0.013,
            "seq_len=2048": 0.023
        },
        "ltmean": {
            "seq_len=64": 0.01,
            "seq_len=128": 0.015,
            "seq_len=256": 0.01,
            "seq_len=512": 0.011,
            "seq_len=1024": 0.02,
            "seq_len=2048": 0.013
        },
        "ltslope": {
            "seq_len=64": 0.003,
            "seq_len=128": 0.002,
            "seq_len=256": 0.014,
            "seq_len=512": 0.016,
            "seq_len=1024": 0.027,
            "seq_len=2048": 0.024
        }
    }
}