{
    "AUC": {
        "clfa": {
            "seq_len=64": 0.48450699999999997,
            "seq_len=128": 0.49772849999999996,
            "seq_len=256": 0.5064135,
            "seq_len=512": 0.5138365,
            "seq_len=1024": 0.525436,
            "seq_len=2048": 0.5475304999999999
        },
        "s2conv": {
            "seq_len=64": 0.5027100000000001,
            "seq_len=128": 0.5097065000000001,
            "seq_len=256": 0.512474,
            "seq_len=512": 0.5125405000000001,
            "seq_len=1024": 0.5292680000000001,
            "seq_len=2048": 0.5115770000000001
        },
        "ltiqr": {
            "seq_len=64": 0.47090699999999996,
            "seq_len=128": 0.4989125,
            "seq_len=256": 0.5105709999999999,
            "seq_len=512": 0.48670399999999997,
            "seq_len=1024": 0.5015425,
            "seq_len=2048": 0.506671
        },
        "ltmean": {
            "seq_len=64": 0.483318,
            "seq_len=128": 0.48006099999999996,
            "seq_len=256": 0.47892650000000003,
            "seq_len=512": 0.47526100000000004,
            "seq_len=1024": 0.484772,
            "seq_len=2048": 0.481672
        },
        "ltslope": {
            "seq_len=64": 0.494263,
            "seq_len=128": 0.495365,
            "seq_len=256": 0.5123155,
            "seq_len=512": 0.4878525,
            "seq_len=1024": 0.4948199999999999,
            "seq_len=2048": 0.500208
        }
    },
    "TPR": {
        "clfa": {
            "seq_len=64": 0.012,
            "seq_len=128": 0.01,
            "seq_len=256": 0.014,
            "seq_len=512": 0.008,
            "seq_len=1024": 0.012,
            "seq_len=2048": 0.01
        },
        "s2conv": {
            "seq_len=64": 0.006035714285714287,
            "seq_len=128": 0.005,
            "seq_len=256": 0.012916666666666668,
            "seq_len=512": 0.015,
            "seq_len=1024": 0.0105,
            "seq_len=2048": 0.007500000000000001
        },
        "ltiqr": {
            "seq_len=64": 0.013,
            "seq_len=128": 0.013,
            "seq_len=256": 0.008,
            "seq_len=512": 0.015,
            "seq_len=1024": 0.009,
            "seq_len=2048": 0.009
        },
        "ltmean": {
            "seq_len=64": 0.014,
            "seq_len=128": 0.011,
            "seq_len=256": 0.007,
            "seq_len=512": 0.01,
            "seq_len=1024": 0.009,
            "seq_len=2048": 0.011
        },
        "ltslope": {
            "seq_len=64": 0.012,
            "seq_len=128": 0.008,
            "seq_len=256": 0.012,
            "seq_len=512": 0.012,
            "seq_len=1024": 0.019,
            "seq_len=2048": 0.016
        }
    }
}