{
    "AUC": {
        "clfa": {
            "seq_len=64": 0.479705,
            "seq_len=128": 0.4831745,
            "seq_len=256": 0.49116550000000003,
            "seq_len=512": 0.499437,
            "seq_len=1024": 0.49465950000000003,
            "seq_len=2048": 0.49252999999999997
        },
        "s2conv": {
            "seq_len=64": 0.510123,
            "seq_len=128": 0.506583,
            "seq_len=256": 0.5196185,
            "seq_len=512": 0.5076805,
            "seq_len=1024": 0.5211995,
            "seq_len=2048": 0.5138455000000001
        },
        "ltiqr": {
            "seq_len=64": 0.48940300000000003,
            "seq_len=128": 0.4947794999999999,
            "seq_len=256": 0.4941034999999999,
            "seq_len=512": 0.5013555000000001,
            "seq_len=1024": 0.5021545000000001,
            "seq_len=2048": 0.4981945
        },
        "ltmean": {
            "seq_len=64": 0.499484,
            "seq_len=128": 0.4924375,
            "seq_len=256": 0.489069,
            "seq_len=512": 0.49533699999999997,
            "seq_len=1024": 0.4923785,
            "seq_len=2048": 0.4858435
        },
        "ltslope": {
            "seq_len=64": 0.49203099999999994,
            "seq_len=128": 0.4915115,
            "seq_len=256": 0.49272099999999996,
            "seq_len=512": 0.498219,
            "seq_len=1024": 0.4937045,
            "seq_len=2048": 0.4884735
        }
    },
    "TPR": {
        "clfa": {
            "seq_len=64": 0.009,
            "seq_len=128": 0.017,
            "seq_len=256": 0.012,
            "seq_len=512": 0.009,
            "seq_len=1024": 0.007,
            "seq_len=2048": 0.005
        },
        "s2conv": {
            "seq_len=64": 0.01239130434782609,
            "seq_len=128": 0.010476190476190474,
            "seq_len=256": 0.01,
            "seq_len=512": 0.01125,
            "seq_len=1024": 0.012,
            "seq_len=2048": 0.01425
        },
        "ltiqr": {
            "seq_len=64": 0.008,
            "seq_len=128": 0.006,
            "seq_len=256": 0.006,
            "seq_len=512": 0.013,
            "seq_len=1024": 0.008,
            "seq_len=2048": 0.005
        },
        "ltmean": {
            "seq_len=64": 0.011,
            "seq_len=128": 0.013,
            "seq_len=256": 0.008,
            "seq_len=512": 0.009,
            "seq_len=1024": 0.011,
            "seq_len=2048": 0.007
        },
        "ltslope": {
            "seq_len=64": 0.006,
            "seq_len=128": 0.009,
            "seq_len=256": 0.01,
            "seq_len=512": 0.009,
            "seq_len=1024": 0.009,
            "seq_len=2048": 0.007
        }
    }
}