{
    "AUC": {
        "clfa": {
            "seq_len=64": 0.5080625000000001,
            "seq_len=128": 0.5209885000000001,
            "seq_len=256": 0.531949,
            "seq_len=512": 0.5198134999999999,
            "seq_len=1024": 0.5401965,
            "seq_len=2048": 0.5386610000000001
        },
        "s2conv": {
            "seq_len=64": 0.49094150000000003,
            "seq_len=128": 0.5074299999999999,
            "seq_len=256": 0.494602,
            "seq_len=512": 0.516725,
            "seq_len=1024": 0.5387109999999999,
            "seq_len=2048": 0.5327705
        },
        "ltiqr": {
            "seq_len=64": 0.5082945,
            "seq_len=128": 0.5058705,
            "seq_len=256": 0.521936,
            "seq_len=512": 0.513529,
            "seq_len=1024": 0.5098735,
            "seq_len=2048": 0.5030935
        },
        "ltmean": {
            "seq_len=64": 0.502515,
            "seq_len=128": 0.5014,
            "seq_len=256": 0.515409,
            "seq_len=512": 0.5036080000000001,
            "seq_len=1024": 0.509819,
            "seq_len=2048": 0.50553
        },
        "ltslope": {
            "seq_len=64": 0.516578,
            "seq_len=128": 0.514362,
            "seq_len=256": 0.5243899999999999,
            "seq_len=512": 0.509333,
            "seq_len=1024": 0.513978,
            "seq_len=2048": 0.500448
        }
    },
    "TPR": {
        "clfa": {
            "seq_len=64": 0.012,
            "seq_len=128": 0.015,
            "seq_len=256": 0.011,
            "seq_len=512": 0.016,
            "seq_len=1024": 0.009,
            "seq_len=2048": 0.007
        },
        "s2conv": {
            "seq_len=64": 0.008833333333333334,
            "seq_len=128": 0.007333333333333334,
            "seq_len=256": 0.009,
            "seq_len=512": 0.017,
            "seq_len=1024": 0.029,
            "seq_len=2048": 0.018
        },
        "ltiqr": {
            "seq_len=64": 0.019,
            "seq_len=128": 0.018,
            "seq_len=256": 0.019,
            "seq_len=512": 0.016,
            "seq_len=1024": 0.01,
            "seq_len=2048": 0.013
        },
        "ltmean": {
            "seq_len=64": 0.01,
            "seq_len=128": 0.026,
            "seq_len=256": 0.022,
            "seq_len=512": 0.013,
            "seq_len=1024": 0.009,
            "seq_len=2048": 0.01
        },
        "ltslope": {
            "seq_len=64": 0.015,
            "seq_len=128": 0.015,
            "seq_len=256": 0.027,
            "seq_len=512": 0.013,
            "seq_len=1024": 0.006,
            "seq_len=2048": 0.011
        }
    }
}