{
    "AUC": {
        "clfa": {
            "seq_len=64": 0.47288850000000004,
            "seq_len=128": 0.48223499999999997,
            "seq_len=256": 0.511105,
            "seq_len=512": 0.5215035,
            "seq_len=1024": 0.5392355,
            "seq_len=2048": 0.5605855
        },
        "s2conv": {
            "seq_len=64": 0.49589449999999996,
            "seq_len=128": 0.495275,
            "seq_len=256": 0.5097764999999999,
            "seq_len=512": 0.5307515,
            "seq_len=1024": 0.545773,
            "seq_len=2048": 0.542762
        },
        "ltiqr": {
            "seq_len=64": 0.490882,
            "seq_len=128": 0.4964015,
            "seq_len=256": 0.5070545,
            "seq_len=512": 0.49878350000000005,
            "seq_len=1024": 0.5030140000000001,
            "seq_len=2048": 0.510475
        },
        "ltmean": {
            "seq_len=64": 0.4837395,
            "seq_len=128": 0.4993655,
            "seq_len=256": 0.5049575,
            "seq_len=512": 0.4899185,
            "seq_len=1024": 0.498613,
            "seq_len=2048": 0.5134240000000001
        },
        "ltslope": {
            "seq_len=64": 0.49680250000000004,
            "seq_len=128": 0.502855,
            "seq_len=256": 0.5142915,
            "seq_len=512": 0.49385049999999997,
            "seq_len=1024": 0.502412,
            "seq_len=2048": 0.511056
        }
    },
    "TPR": {
        "clfa": {
            "seq_len=64": 0.012,
            "seq_len=128": 0.008,
            "seq_len=256": 0.006,
            "seq_len=512": 0.006,
            "seq_len=1024": 0.011,
            "seq_len=2048": 0.011
        },
        "s2conv": {
            "seq_len=64": 0.009500000000000001,
            "seq_len=128": 0.012,
            "seq_len=256": 0.011,
            "seq_len=512": 0.014,
            "seq_len=1024": 0.028,
            "seq_len=2048": 0.02
        },
        "ltiqr": {
            "seq_len=64": 0.015,
            "seq_len=128": 0.009,
            "seq_len=256": 0.005,
            "seq_len=512": 0.008,
            "seq_len=1024": 0.009,
            "seq_len=2048": 0.01
        },
        "ltmean": {
            "seq_len=64": 0.016,
            "seq_len=128": 0.01,
            "seq_len=256": 0.007,
            "seq_len=512": 0.004,
            "seq_len=1024": 0.005,
            "seq_len=2048": 0.006
        },
        "ltslope": {
            "seq_len=64": 0.017,
            "seq_len=128": 0.01,
            "seq_len=256": 0.003,
            "seq_len=512": 0.005,
            "seq_len=1024": 0.008,
            "seq_len=2048": 0.01
        }
    }
}