{
    "AUC": {
        "clfa": {
            "seq_len=64": 0.510969,
            "seq_len=128": 0.5274695,
            "seq_len=256": 0.5408175000000001,
            "seq_len=512": 0.5756330000000001,
            "seq_len=1024": 0.6169969999999999,
            "seq_len=2048": 0.6709735000000001
        },
        "s2conv": {
            "seq_len=64": 0.47882,
            "seq_len=128": 0.488352,
            "seq_len=256": 0.506864,
            "seq_len=512": 0.5484785,
            "seq_len=1024": 0.573792,
            "seq_len=2048": 0.5865659999999999
        },
        "ltiqr": {
            "seq_len=64": 0.53828,
            "seq_len=128": 0.5481885,
            "seq_len=256": 0.5438909999999999,
            "seq_len=512": 0.5362199999999999,
            "seq_len=1024": 0.5201045,
            "seq_len=2048": 0.520562
        },
        "ltmean": {
            "seq_len=64": 0.5378499999999999,
            "seq_len=128": 0.542286,
            "seq_len=256": 0.5398625,
            "seq_len=512": 0.540099,
            "seq_len=1024": 0.521963,
            "seq_len=2048": 0.5169785
        },
        "ltslope": {
            "seq_len=64": 0.536675,
            "seq_len=128": 0.539826,
            "seq_len=256": 0.533258,
            "seq_len=512": 0.532736,
            "seq_len=1024": 0.519203,
            "seq_len=2048": 0.515301
        }
    },
    "TPR": {
        "clfa": {
            "seq_len=64": 0.006,
            "seq_len=128": 0.008,
            "seq_len=256": 0.01,
            "seq_len=512": 0.012,
            "seq_len=1024": 0.002,
            "seq_len=2048": 0.004
        },
        "s2conv": {
            "seq_len=64": 0.013,
            "seq_len=128": 0.004,
            "seq_len=256": 0.0036,
            "seq_len=512": 0.036,
            "seq_len=1024": 0.111,
            "seq_len=2048": 0.129
        },
        "ltiqr": {
            "seq_len=64": 0.011,
            "seq_len=128": 0.016,
            "seq_len=256": 0.016,
            "seq_len=512": 0.006,
            "seq_len=1024": 0.007,
            "seq_len=2048": 0.006
        },
        "ltmean": {
            "seq_len=64": 0.023,
            "seq_len=128": 0.02,
            "seq_len=256": 0.01,
            "seq_len=512": 0.007,
            "seq_len=1024": 0.014,
            "seq_len=2048": 0.01
        },
        "ltslope": {
            "seq_len=64": 0.028,
            "seq_len=128": 0.015,
            "seq_len=256": 0.012,
            "seq_len=512": 0.008,
            "seq_len=1024": 0.011,
            "seq_len=2048": 0.011
        }
    }
}