{
    "AUC": {
        "loss": {
            "seq_len=64": 0.519616,
            "seq_len=128": 0.5241705,
            "seq_len=256": 0.513334,
            "seq_len=512": 0.5208935,
            "seq_len=1024": 0.511671,
            "seq_len=2048": 0.513759
        },
        "minkprob": {
            "seq_len=64": 0.5180735,
            "seq_len=128": 0.5166845,
            "seq_len=256": 0.515671,
            "seq_len=512": 0.5110305,
            "seq_len=1024": 0.51105,
            "seq_len=2048": 0.5137565
        },
        "ratio": {
            "seq_len=64": 0.5076145,
            "seq_len=128": 0.514375,
            "seq_len=256": 0.522158,
            "seq_len=512": 0.5285409999999999,
            "seq_len=1024": 0.5210239999999999,
            "seq_len=2048": 0.515944
        },
        "ltiqr": {
            "seq_len=64": 0.5148305,
            "seq_len=128": 0.5423115000000001,
            "seq_len=256": 0.548151,
            "seq_len=512": 0.5491625,
            "seq_len=1024": 0.5532675000000001,
            "seq_len=2048": 0.551776
        },
        "ltmean": {
            "seq_len=64": 0.5193230000000001,
            "seq_len=128": 0.5212215,
            "seq_len=256": 0.509896,
            "seq_len=512": 0.5177940000000001,
            "seq_len=1024": 0.5083465,
            "seq_len=2048": 0.510453
        },
        "ltslope": {
            "seq_len=64": 0.5174775,
            "seq_len=128": 0.5397375,
            "seq_len=256": 0.546401,
            "seq_len=512": 0.5389309999999999,
            "seq_len=1024": 0.544152,
            "seq_len=2048": 0.5394975
        },
        "clfa": {
            "seq_len=64": 0.5179799999999999,
            "seq_len=128": 0.5398285,
            "seq_len=256": 0.538681,
            "seq_len=512": 0.5521425,
            "seq_len=1024": 0.552739,
            "seq_len=2048": 0.5565850000000001
        },
        "fod_mean": {
            "seq_len=64": 0.5144275,
            "seq_len=128": 0.5212725,
            "seq_len=256": 0.51222,
            "seq_len=512": 0.5191675,
            "seq_len=1024": 0.5099445,
            "seq_len=2048": 0.512945
        },
        "fod_abs_mean": {
            "seq_len=64": 0.5179799999999999,
            "seq_len=128": 0.5398285,
            "seq_len=256": 0.538681,
            "seq_len=512": 0.5521425,
            "seq_len=1024": 0.552739,
            "seq_len=2048": 0.5565850000000001
        },
        "ema_iqr_0.1": {
            "seq_len=64": 0.5147805,
            "seq_len=128": 0.5417959999999999,
            "seq_len=256": 0.5480659999999999,
            "seq_len=512": 0.54768,
            "seq_len=1024": 0.5533119999999999,
            "seq_len=2048": 0.55226
        },
        "ema_iqr_0.5": {
            "seq_len=64": 0.5158525,
            "seq_len=128": 0.540206,
            "seq_len=256": 0.547536,
            "seq_len=512": 0.5449689999999999,
            "seq_len=1024": 0.551069,
            "seq_len=2048": 0.552367
        },
        "ema_slope_0.1": {
            "seq_len=64": 0.5174215,
            "seq_len=128": 0.539696,
            "seq_len=256": 0.546297,
            "seq_len=512": 0.539072,
            "seq_len=1024": 0.543972,
            "seq_len=2048": 0.5396559999999999
        },
        "ema_slope_0.5": {
            "seq_len=64": 0.5173155,
            "seq_len=128": 0.538732,
            "seq_len=256": 0.544943,
            "seq_len=512": 0.539239,
            "seq_len=1024": 0.543681,
            "seq_len=2048": 0.5418400000000001
        }
    },
    "TPR": {
        "loss": {
            "seq_len=64": 0.013,
            "seq_len=128": 0.018,
            "seq_len=256": 0.011,
            "seq_len=512": 0.008,
            "seq_len=1024": 0.009,
            "seq_len=2048": 0.007
        },
        "minkprob": {
            "seq_len=64": 0.013,
            "seq_len=128": 0.014,
            "seq_len=256": 0.013,
            "seq_len=512": 0.009,
            "seq_len=1024": 0.009,
            "seq_len=2048": 0.007
        },
        "ratio": {
            "seq_len=64": 0.015500000000000002,
            "seq_len=128": 0.02,
            "seq_len=256": 0.014,
            "seq_len=512": 0.01,
            "seq_len=1024": 0.01,
            "seq_len=2048": 0.003
        },
        "ltiqr": {
            "seq_len=64": 0.01,
            "seq_len=128": 0.007,
            "seq_len=256": 0.011,
            "seq_len=512": 0.009,
            "seq_len=1024": 0.014,
            "seq_len=2048": 0.007
        },
        "ltmean": {
            "seq_len=64": 0.014,
            "seq_len=128": 0.019,
            "seq_len=256": 0.012,
            "seq_len=512": 0.009,
            "seq_len=1024": 0.008,
            "seq_len=2048": 0.007
        },
        "ltslope": {
            "seq_len=64": 0.008,
            "seq_len=128": 0.008,
            "seq_len=256": 0.013,
            "seq_len=512": 0.01,
            "seq_len=1024": 0.011,
            "seq_len=2048": 0.005
        },
        "clfa": {
            "seq_len=64": 0.017,
            "seq_len=128": 0.011,
            "seq_len=256": 0.014,
            "seq_len=512": 0.013,
            "seq_len=1024": 0.015,
            "seq_len=2048": 0.008
        },
        "fod_mean": {
            "seq_len=64": 0.01,
            "seq_len=128": 0.014,
            "seq_len=256": 0.012,
            "seq_len=512": 0.008,
            "seq_len=1024": 0.008,
            "seq_len=2048": 0.008
        },
        "fod_abs_mean": {
            "seq_len=64": 0.017,
            "seq_len=128": 0.011,
            "seq_len=256": 0.014,
            "seq_len=512": 0.013,
            "seq_len=1024": 0.015,
            "seq_len=2048": 0.008
        },
        "ema_iqr_0.1": {
            "seq_len=64": 0.01,
            "seq_len=128": 0.007,
            "seq_len=256": 0.011,
            "seq_len=512": 0.01,
            "seq_len=1024": 0.014,
            "seq_len=2048": 0.007
        },
        "ema_iqr_0.5": {
            "seq_len=64": 0.009,
            "seq_len=128": 0.01,
            "seq_len=256": 0.011,
            "seq_len=512": 0.009,
            "seq_len=1024": 0.013,
            "seq_len=2048": 0.005
        },
        "ema_slope_0.1": {
            "seq_len=64": 0.008,
            "seq_len=128": 0.008,
            "seq_len=256": 0.013,
            "seq_len=512": 0.01,
            "seq_len=1024": 0.01,
            "seq_len=2048": 0.005
        },
        "ema_slope_0.5": {
            "seq_len=64": 0.008,
            "seq_len=128": 0.009,
            "seq_len=256": 0.013,
            "seq_len=512": 0.011,
            "seq_len=1024": 0.011,
            "seq_len=2048": 0.005
        }
    }
}