{
    "AUC": {
        "loss": {
            "seq_len=64": 0.522365,
            "seq_len=128": 0.5284765,
            "seq_len=256": 0.5250355000000001,
            "seq_len=512": 0.5349805,
            "seq_len=1024": 0.533871,
            "seq_len=2048": 0.5308585
        },
        "minkprob": {
            "seq_len=64": 0.5282965000000001,
            "seq_len=128": 0.5239035000000001,
            "seq_len=256": 0.532659,
            "seq_len=512": 0.5458655,
            "seq_len=1024": 0.5462595,
            "seq_len=2048": 0.5382135
        },
        "ratio": {
            "seq_len=64": 0.5213295,
            "seq_len=128": 0.5285085,
            "seq_len=256": 0.537534,
            "seq_len=512": 0.542165,
            "seq_len=1024": 0.555935,
            "seq_len=2048": 0.562259
        },
        "ltiqr": {
            "seq_len=64": 0.523749,
            "seq_len=128": 0.5513885000000001,
            "seq_len=256": 0.556476,
            "seq_len=512": 0.559647,
            "seq_len=1024": 0.559104,
            "seq_len=2048": 0.5635195000000001
        },
        "ltmean": {
            "seq_len=64": 0.518267,
            "seq_len=128": 0.5213895000000001,
            "seq_len=256": 0.51837,
            "seq_len=512": 0.529211,
            "seq_len=1024": 0.5270755,
            "seq_len=2048": 0.52318
        },
        "ltslope": {
            "seq_len=64": 0.525375,
            "seq_len=128": 0.54858,
            "seq_len=256": 0.5546625000000001,
            "seq_len=512": 0.5559945000000001,
            "seq_len=1024": 0.5598365,
            "seq_len=2048": 0.569987
        },
        "clfa": {
            "seq_len=64": 0.49713799999999997,
            "seq_len=128": 0.5153129999999999,
            "seq_len=256": 0.539578,
            "seq_len=512": 0.5550295,
            "seq_len=1024": 0.5702389999999999,
            "seq_len=2048": 0.5760565
        },
        "fod_mean": {
            "seq_len=64": 0.519594,
            "seq_len=128": 0.523576,
            "seq_len=256": 0.52481,
            "seq_len=512": 0.5348050000000001,
            "seq_len=1024": 0.533867,
            "seq_len=2048": 0.5319244999999999
        },
        "fod_abs_mean": {
            "seq_len=64": 0.49713799999999997,
            "seq_len=128": 0.5153129999999999,
            "seq_len=256": 0.539578,
            "seq_len=512": 0.5550295,
            "seq_len=1024": 0.5702389999999999,
            "seq_len=2048": 0.5760565
        },
        "ema_iqr_0.1": {
            "seq_len=64": 0.524505,
            "seq_len=128": 0.551262,
            "seq_len=256": 0.5567595,
            "seq_len=512": 0.5591375,
            "seq_len=1024": 0.558835,
            "seq_len=2048": 0.5628949999999999
        },
        "ema_iqr_0.5": {
            "seq_len=64": 0.522634,
            "seq_len=128": 0.549161,
            "seq_len=256": 0.5521765,
            "seq_len=512": 0.5556105,
            "seq_len=1024": 0.555308,
            "seq_len=2048": 0.56003
        },
        "ema_slope_0.1": {
            "seq_len=64": 0.525786,
            "seq_len=128": 0.54874,
            "seq_len=256": 0.5546465,
            "seq_len=512": 0.5560775,
            "seq_len=1024": 0.560334,
            "seq_len=2048": 0.570608
        },
        "ema_slope_0.5": {
            "seq_len=64": 0.527733,
            "seq_len=128": 0.54843,
            "seq_len=256": 0.5541535,
            "seq_len=512": 0.5573285,
            "seq_len=1024": 0.563715,
            "seq_len=2048": 0.57494
        }
    },
    "TPR": {
        "loss": {
            "seq_len=64": 0.012,
            "seq_len=128": 0.012,
            "seq_len=256": 0.011,
            "seq_len=512": 0.013,
            "seq_len=1024": 0.01,
            "seq_len=2048": 0.009
        },
        "minkprob": {
            "seq_len=64": 0.014,
            "seq_len=128": 0.009,
            "seq_len=256": 0.011,
            "seq_len=512": 0.013,
            "seq_len=1024": 0.013,
            "seq_len=2048": 0.009
        },
        "ratio": {
            "seq_len=64": 0.014,
            "seq_len=128": 0.019,
            "seq_len=256": 0.016,
            "seq_len=512": 0.012,
            "seq_len=1024": 0.009,
            "seq_len=2048": 0.009
        },
        "ltiqr": {
            "seq_len=64": 0.014,
            "seq_len=128": 0.016,
            "seq_len=256": 0.016,
            "seq_len=512": 0.011,
            "seq_len=1024": 0.013,
            "seq_len=2048": 0.007
        },
        "ltmean": {
            "seq_len=64": 0.016,
            "seq_len=128": 0.017,
            "seq_len=256": 0.012,
            "seq_len=512": 0.013,
            "seq_len=1024": 0.013,
            "seq_len=2048": 0.014
        },
        "ltslope": {
            "seq_len=64": 0.013,
            "seq_len=128": 0.016,
            "seq_len=256": 0.015,
            "seq_len=512": 0.015,
            "seq_len=1024": 0.01,
            "seq_len=2048": 0.005
        },
        "clfa": {
            "seq_len=64": 0.012,
            "seq_len=128": 0.012,
            "seq_len=256": 0.011,
            "seq_len=512": 0.006,
            "seq_len=1024": 0.011,
            "seq_len=2048": 0.01
        },
        "fod_mean": {
            "seq_len=64": 0.018,
            "seq_len=128": 0.011,
            "seq_len=256": 0.009,
            "seq_len=512": 0.015,
            "seq_len=1024": 0.011,
            "seq_len=2048": 0.01
        },
        "fod_abs_mean": {
            "seq_len=64": 0.012,
            "seq_len=128": 0.012,
            "seq_len=256": 0.011,
            "seq_len=512": 0.006,
            "seq_len=1024": 0.011,
            "seq_len=2048": 0.01
        },
        "ema_iqr_0.1": {
            "seq_len=64": 0.013,
            "seq_len=128": 0.017,
            "seq_len=256": 0.015,
            "seq_len=512": 0.011,
            "seq_len=1024": 0.013,
            "seq_len=2048": 0.007
        },
        "ema_iqr_0.5": {
            "seq_len=64": 0.015,
            "seq_len=128": 0.019,
            "seq_len=256": 0.013,
            "seq_len=512": 0.012,
            "seq_len=1024": 0.012,
            "seq_len=2048": 0.007
        },
        "ema_slope_0.1": {
            "seq_len=64": 0.013,
            "seq_len=128": 0.016,
            "seq_len=256": 0.015,
            "seq_len=512": 0.015,
            "seq_len=1024": 0.01,
            "seq_len=2048": 0.005
        },
        "ema_slope_0.5": {
            "seq_len=64": 0.013,
            "seq_len=128": 0.016,
            "seq_len=256": 0.014,
            "seq_len=512": 0.014,
            "seq_len=1024": 0.01,
            "seq_len=2048": 0.005
        }
    }
}