{
    "AUC": {
        "loss": {
            "seq_len=64": 0.5158195,
            "seq_len=128": 0.522303,
            "seq_len=256": 0.510574,
            "seq_len=512": 0.4976325,
            "seq_len=1024": 0.49264600000000003,
            "seq_len=2048": 0.4985385
        },
        "minkprob": {
            "seq_len=64": 0.523917,
            "seq_len=128": 0.5269710000000001,
            "seq_len=256": 0.508625,
            "seq_len=512": 0.49814349999999996,
            "seq_len=1024": 0.48916149999999997,
            "seq_len=2048": 0.49789150000000004
        },
        "ratio": {
            "seq_len=64": 0.4926985,
            "seq_len=128": 0.48676549999999996,
            "seq_len=256": 0.4959635,
            "seq_len=512": 0.491161,
            "seq_len=1024": 0.49361049999999995,
            "seq_len=2048": 0.497064
        },
        "ltiqr": {
            "seq_len=64": 0.4899775,
            "seq_len=128": 0.4932805,
            "seq_len=256": 0.497235,
            "seq_len=512": 0.5061995,
            "seq_len=1024": 0.5004715,
            "seq_len=2048": 0.503104
        },
        "ltmean": {
            "seq_len=64": 0.516135,
            "seq_len=128": 0.522356,
            "seq_len=256": 0.5116635,
            "seq_len=512": 0.49702,
            "seq_len=1024": 0.493517,
            "seq_len=2048": 0.49942099999999995
        },
        "ltslope": {
            "seq_len=64": 0.4955275,
            "seq_len=128": 0.493332,
            "seq_len=256": 0.49386699999999994,
            "seq_len=512": 0.4970875,
            "seq_len=1024": 0.4917225,
            "seq_len=2048": 0.4924115
        },
        "clfa": {
            "seq_len=64": 0.49008050000000003,
            "seq_len=128": 0.499168,
            "seq_len=256": 0.499582,
            "seq_len=512": 0.4992614999999999,
            "seq_len=1024": 0.495823,
            "seq_len=2048": 0.502127
        },
        "fod_mean": {
            "seq_len=64": 0.51491,
            "seq_len=128": 0.5224295,
            "seq_len=256": 0.5121155000000001,
            "seq_len=512": 0.5004664999999999,
            "seq_len=1024": 0.494069,
            "seq_len=2048": 0.49893750000000003
        },
        "fod_abs_mean": {
            "seq_len=64": 0.49008050000000003,
            "seq_len=128": 0.499168,
            "seq_len=256": 0.499582,
            "seq_len=512": 0.4992614999999999,
            "seq_len=1024": 0.495823,
            "seq_len=2048": 0.502127
        },
        "ema_iqr_0.1": {
            "seq_len=64": 0.48918500000000004,
            "seq_len=128": 0.492886,
            "seq_len=256": 0.497467,
            "seq_len=512": 0.5059865,
            "seq_len=1024": 0.49971550000000003,
            "seq_len=2048": 0.5033425
        },
        "ema_iqr_0.5": {
            "seq_len=64": 0.49109800000000003,
            "seq_len=128": 0.49308399999999997,
            "seq_len=256": 0.498685,
            "seq_len=512": 0.5052865,
            "seq_len=1024": 0.4978484999999999,
            "seq_len=2048": 0.5022245
        },
        "ema_slope_0.1": {
            "seq_len=64": 0.495745,
            "seq_len=128": 0.49355299999999996,
            "seq_len=256": 0.493988,
            "seq_len=512": 0.4971065,
            "seq_len=1024": 0.4917545,
            "seq_len=2048": 0.49248050000000004
        },
        "ema_slope_0.5": {
            "seq_len=64": 0.497008,
            "seq_len=128": 0.495645,
            "seq_len=256": 0.49552599999999997,
            "seq_len=512": 0.4972255,
            "seq_len=1024": 0.4919455,
            "seq_len=2048": 0.49285549999999995
        }
    },
    "TPR": {
        "loss": {
            "seq_len=64": 0.011666666666666667,
            "seq_len=128": 0.009,
            "seq_len=256": 0.005,
            "seq_len=512": 0.009,
            "seq_len=1024": 0.01,
            "seq_len=2048": 0.009
        },
        "minkprob": {
            "seq_len=64": 0.0146,
            "seq_len=128": 0.006,
            "seq_len=256": 0.006,
            "seq_len=512": 0.014,
            "seq_len=1024": 0.011,
            "seq_len=2048": 0.013
        },
        "ratio": {
            "seq_len=64": 0.01,
            "seq_len=128": 0.016,
            "seq_len=256": 0.007,
            "seq_len=512": 0.01,
            "seq_len=1024": 0.013,
            "seq_len=2048": 0.011
        },
        "ltiqr": {
            "seq_len=64": 0.012,
            "seq_len=128": 0.006,
            "seq_len=256": 0.005,
            "seq_len=512": 0.009,
            "seq_len=1024": 0.009,
            "seq_len=2048": 0.008
        },
        "ltmean": {
            "seq_len=64": 0.01375,
            "seq_len=128": 0.009,
            "seq_len=256": 0.005,
            "seq_len=512": 0.006,
            "seq_len=1024": 0.011,
            "seq_len=2048": 0.014
        },
        "ltslope": {
            "seq_len=64": 0.009,
            "seq_len=128": 0.005,
            "seq_len=256": 0.005,
            "seq_len=512": 0.011,
            "seq_len=1024": 0.007,
            "seq_len=2048": 0.008
        },
        "clfa": {
            "seq_len=64": 0.012,
            "seq_len=128": 0.008,
            "seq_len=256": 0.006,
            "seq_len=512": 0.011,
            "seq_len=1024": 0.008,
            "seq_len=2048": 0.003
        },
        "fod_mean": {
            "seq_len=64": 0.008333333333333335,
            "seq_len=128": 0.008571428571428572,
            "seq_len=256": 0.005,
            "seq_len=512": 0.01,
            "seq_len=1024": 0.013,
            "seq_len=2048": 0.014
        },
        "fod_abs_mean": {
            "seq_len=64": 0.012,
            "seq_len=128": 0.008,
            "seq_len=256": 0.006,
            "seq_len=512": 0.011,
            "seq_len=1024": 0.008,
            "seq_len=2048": 0.003
        },
        "ema_iqr_0.1": {
            "seq_len=64": 0.014,
            "seq_len=128": 0.007,
            "seq_len=256": 0.005,
            "seq_len=512": 0.009,
            "seq_len=1024": 0.009,
            "seq_len=2048": 0.008
        },
        "ema_iqr_0.5": {
            "seq_len=64": 0.011,
            "seq_len=128": 0.007,
            "seq_len=256": 0.005,
            "seq_len=512": 0.008,
            "seq_len=1024": 0.009,
            "seq_len=2048": 0.008
        },
        "ema_slope_0.1": {
            "seq_len=64": 0.009,
            "seq_len=128": 0.005,
            "seq_len=256": 0.005,
            "seq_len=512": 0.011,
            "seq_len=1024": 0.007,
            "seq_len=2048": 0.008
        },
        "ema_slope_0.5": {
            "seq_len=64": 0.008,
            "seq_len=128": 0.005,
            "seq_len=256": 0.005,
            "seq_len=512": 0.011,
            "seq_len=1024": 0.007,
            "seq_len=2048": 0.008
        }
    }
}