{
    "AUC": {
        "loss": {
            "seq_len=64": 0.5058235,
            "seq_len=128": 0.5135244999999999,
            "seq_len=256": 0.5194449999999999,
            "seq_len=512": 0.5205270000000001,
            "seq_len=1024": 0.525006,
            "seq_len=2048": 0.5112469999999999
        },
        "minkprob": {
            "seq_len=64": 0.49603299999999995,
            "seq_len=128": 0.510842,
            "seq_len=256": 0.5076295,
            "seq_len=512": 0.5081915,
            "seq_len=1024": 0.517354,
            "seq_len=2048": 0.5076124999999999
        },
        "ratio": {
            "seq_len=64": 0.515721,
            "seq_len=128": 0.512283,
            "seq_len=256": 0.508875,
            "seq_len=512": 0.5098940000000001,
            "seq_len=1024": 0.504615,
            "seq_len=2048": 0.5044625
        },
        "ltiqr": {
            "seq_len=64": 0.5460039999999999,
            "seq_len=128": 0.5667525,
            "seq_len=256": 0.5755440000000001,
            "seq_len=512": 0.5740735,
            "seq_len=1024": 0.5595964999999999,
            "seq_len=2048": 0.555545
        },
        "ltmean": {
            "seq_len=64": 0.5022625000000001,
            "seq_len=128": 0.5085189999999999,
            "seq_len=256": 0.5141095,
            "seq_len=512": 0.5148790000000001,
            "seq_len=1024": 0.519911,
            "seq_len=2048": 0.50698
        },
        "ltslope": {
            "seq_len=64": 0.5446285000000001,
            "seq_len=128": 0.557052,
            "seq_len=256": 0.559406,
            "seq_len=512": 0.559482,
            "seq_len=1024": 0.5530554999999999,
            "seq_len=2048": 0.5452805
        },
        "clfa": {
            "seq_len=64": 0.5154905,
            "seq_len=128": 0.5319655,
            "seq_len=256": 0.5611465,
            "seq_len=512": 0.591358,
            "seq_len=1024": 0.6141745000000001,
            "seq_len=2048": 0.6153765
        },
        "fod_mean": {
            "seq_len=64": 0.503738,
            "seq_len=128": 0.5101410000000001,
            "seq_len=256": 0.514984,
            "seq_len=512": 0.5169795,
            "seq_len=1024": 0.5229140000000001,
            "seq_len=2048": 0.5108955
        },
        "fod_abs_mean": {
            "seq_len=64": 0.5154905,
            "seq_len=128": 0.5319655,
            "seq_len=256": 0.5611465,
            "seq_len=512": 0.591358,
            "seq_len=1024": 0.6141745000000001,
            "seq_len=2048": 0.6153765
        },
        "ema_iqr_0.1": {
            "seq_len=64": 0.545148,
            "seq_len=128": 0.5664800000000001,
            "seq_len=256": 0.575514,
            "seq_len=512": 0.573672,
            "seq_len=1024": 0.5595049999999999,
            "seq_len=2048": 0.553904
        },
        "ema_iqr_0.5": {
            "seq_len=64": 0.5444950000000001,
            "seq_len=128": 0.56527,
            "seq_len=256": 0.5730649999999999,
            "seq_len=512": 0.5691419999999999,
            "seq_len=1024": 0.5559669999999999,
            "seq_len=2048": 0.549745
        },
        "ema_slope_0.1": {
            "seq_len=64": 0.5445679999999999,
            "seq_len=128": 0.556945,
            "seq_len=256": 0.559371,
            "seq_len=512": 0.559615,
            "seq_len=1024": 0.5535070000000001,
            "seq_len=2048": 0.545222
        },
        "ema_slope_0.5": {
            "seq_len=64": 0.5436610000000001,
            "seq_len=128": 0.55552,
            "seq_len=256": 0.558756,
            "seq_len=512": 0.559277,
            "seq_len=1024": 0.5551119999999999,
            "seq_len=2048": 0.54584
        }
    },
    "TPR": {
        "loss": {
            "seq_len=64": 0.015,
            "seq_len=128": 0.006,
            "seq_len=256": 0.012,
            "seq_len=512": 0.01,
            "seq_len=1024": 0.016,
            "seq_len=2048": 0.018
        },
        "minkprob": {
            "seq_len=64": 0.015,
            "seq_len=128": 0.004,
            "seq_len=256": 0.012,
            "seq_len=512": 0.016,
            "seq_len=1024": 0.017,
            "seq_len=2048": 0.017
        },
        "ratio": {
            "seq_len=64": 0.007,
            "seq_len=128": 0.011,
            "seq_len=256": 0.007,
            "seq_len=512": 0.016,
            "seq_len=1024": 0.013,
            "seq_len=2048": 0.015
        },
        "ltiqr": {
            "seq_len=64": 0.021,
            "seq_len=128": 0.016,
            "seq_len=256": 0.015,
            "seq_len=512": 0.011,
            "seq_len=1024": 0.007,
            "seq_len=2048": 0.005
        },
        "ltmean": {
            "seq_len=64": 0.014,
            "seq_len=128": 0.005,
            "seq_len=256": 0.012,
            "seq_len=512": 0.014,
            "seq_len=1024": 0.016,
            "seq_len=2048": 0.016
        },
        "ltslope": {
            "seq_len=64": 0.019,
            "seq_len=128": 0.023,
            "seq_len=256": 0.014,
            "seq_len=512": 0.005,
            "seq_len=1024": 0.004,
            "seq_len=2048": 0.004
        },
        "clfa": {
            "seq_len=64": 0.004,
            "seq_len=128": 0.005,
            "seq_len=256": 0.005,
            "seq_len=512": 0.005,
            "seq_len=1024": 0.008,
            "seq_len=2048": 0.003
        },
        "fod_mean": {
            "seq_len=64": 0.012,
            "seq_len=128": 0.007,
            "seq_len=256": 0.013,
            "seq_len=512": 0.011,
            "seq_len=1024": 0.014,
            "seq_len=2048": 0.018
        },
        "fod_abs_mean": {
            "seq_len=64": 0.004,
            "seq_len=128": 0.005,
            "seq_len=256": 0.005,
            "seq_len=512": 0.005,
            "seq_len=1024": 0.008,
            "seq_len=2048": 0.003
        },
        "ema_iqr_0.1": {
            "seq_len=64": 0.02,
            "seq_len=128": 0.015,
            "seq_len=256": 0.017,
            "seq_len=512": 0.011,
            "seq_len=1024": 0.007,
            "seq_len=2048": 0.005
        },
        "ema_iqr_0.5": {
            "seq_len=64": 0.017,
            "seq_len=128": 0.019,
            "seq_len=256": 0.017,
            "seq_len=512": 0.012,
            "seq_len=1024": 0.007,
            "seq_len=2048": 0.005
        },
        "ema_slope_0.1": {
            "seq_len=64": 0.019,
            "seq_len=128": 0.023,
            "seq_len=256": 0.014,
            "seq_len=512": 0.005,
            "seq_len=1024": 0.004,
            "seq_len=2048": 0.004
        },
        "ema_slope_0.5": {
            "seq_len=64": 0.016,
            "seq_len=128": 0.023,
            "seq_len=256": 0.013,
            "seq_len=512": 0.005,
            "seq_len=1024": 0.003,
            "seq_len=2048": 0.004
        }
    }
}