{
    "AUC": {
        "loss": {
            "seq_len=64": 0.514139,
            "seq_len=128": 0.51757,
            "seq_len=256": 0.502577,
            "seq_len=512": 0.49436500000000005,
            "seq_len=1024": 0.49042549999999996,
            "seq_len=2048": 0.4969485
        },
        "minkprob": {
            "seq_len=64": 0.5235509999999999,
            "seq_len=128": 0.521263,
            "seq_len=256": 0.501296,
            "seq_len=512": 0.4952765,
            "seq_len=1024": 0.489174,
            "seq_len=2048": 0.49640850000000003
        },
        "ratio": {
            "seq_len=64": 0.49326400000000004,
            "seq_len=128": 0.48820549999999996,
            "seq_len=256": 0.49530450000000004,
            "seq_len=512": 0.49461749999999993,
            "seq_len=1024": 0.492479,
            "seq_len=2048": 0.49764050000000004
        },
        "ltiqr": {
            "seq_len=64": 0.48559549999999996,
            "seq_len=128": 0.48934750000000005,
            "seq_len=256": 0.4935305,
            "seq_len=512": 0.5050589999999999,
            "seq_len=1024": 0.5048225,
            "seq_len=2048": 0.5001145
        },
        "ltmean": {
            "seq_len=64": 0.5145485000000001,
            "seq_len=128": 0.5214495,
            "seq_len=256": 0.5082945,
            "seq_len=512": 0.49635599999999996,
            "seq_len=1024": 0.49094250000000006,
            "seq_len=2048": 0.49757500000000005
        },
        "ltslope": {
            "seq_len=64": 0.4876795,
            "seq_len=128": 0.49131649999999993,
            "seq_len=256": 0.491958,
            "seq_len=512": 0.50025,
            "seq_len=1024": 0.49636199999999997,
            "seq_len=2048": 0.4966785
        },
        "clfa": {
            "seq_len=64": 0.489033,
            "seq_len=128": 0.49735300000000005,
            "seq_len=256": 0.504249,
            "seq_len=512": 0.497326,
            "seq_len=1024": 0.492905,
            "seq_len=2048": 0.4959245
        },
        "fod_mean": {
            "seq_len=64": 0.516409,
            "seq_len=128": 0.518335,
            "seq_len=256": 0.507861,
            "seq_len=512": 0.49363100000000004,
            "seq_len=1024": 0.48852550000000006,
            "seq_len=2048": 0.49229449999999997
        },
        "fod_abs_mean": {
            "seq_len=64": 0.489033,
            "seq_len=128": 0.49735300000000005,
            "seq_len=256": 0.504249,
            "seq_len=512": 0.497326,
            "seq_len=1024": 0.492905,
            "seq_len=2048": 0.4959245
        },
        "ema_iqr_0.1": {
            "seq_len=64": 0.4855935,
            "seq_len=128": 0.48981899999999995,
            "seq_len=256": 0.494338,
            "seq_len=512": 0.504483,
            "seq_len=1024": 0.5047135,
            "seq_len=2048": 0.4997545
        },
        "ema_iqr_0.5": {
            "seq_len=64": 0.4873195,
            "seq_len=128": 0.491303,
            "seq_len=256": 0.493135,
            "seq_len=512": 0.503314,
            "seq_len=1024": 0.5028725000000001,
            "seq_len=2048": 0.49878350000000005
        },
        "ema_slope_0.1": {
            "seq_len=64": 0.4876415,
            "seq_len=128": 0.49146700000000004,
            "seq_len=256": 0.49203399999999997,
            "seq_len=512": 0.500286,
            "seq_len=1024": 0.49637149999999997,
            "seq_len=2048": 0.49654750000000003
        },
        "ema_slope_0.5": {
            "seq_len=64": 0.4883165,
            "seq_len=128": 0.49248200000000003,
            "seq_len=256": 0.492386,
            "seq_len=512": 0.499764,
            "seq_len=1024": 0.49597349999999996,
            "seq_len=2048": 0.4962885
        }
    },
    "TPR": {
        "loss": {
            "seq_len=64": 0.01,
            "seq_len=128": 0.015,
            "seq_len=256": 0.007,
            "seq_len=512": 0.011,
            "seq_len=1024": 0.01,
            "seq_len=2048": 0.01
        },
        "minkprob": {
            "seq_len=64": 0.01,
            "seq_len=128": 0.021,
            "seq_len=256": 0.005,
            "seq_len=512": 0.017,
            "seq_len=1024": 0.009,
            "seq_len=2048": 0.012
        },
        "ratio": {
            "seq_len=64": 0.008,
            "seq_len=128": 0.009,
            "seq_len=256": 0.006,
            "seq_len=512": 0.01,
            "seq_len=1024": 0.016,
            "seq_len=2048": 0.013
        },
        "ltiqr": {
            "seq_len=64": 0.008,
            "seq_len=128": 0.002,
            "seq_len=256": 0.003,
            "seq_len=512": 0.013,
            "seq_len=1024": 0.011,
            "seq_len=2048": 0.015
        },
        "ltmean": {
            "seq_len=64": 0.003,
            "seq_len=128": 0.00842857142857143,
            "seq_len=256": 0.006,
            "seq_len=512": 0.011,
            "seq_len=1024": 0.01,
            "seq_len=2048": 0.014
        },
        "ltslope": {
            "seq_len=64": 0.007,
            "seq_len=128": 0.005,
            "seq_len=256": 0.006,
            "seq_len=512": 0.009,
            "seq_len=1024": 0.014,
            "seq_len=2048": 0.015
        },
        "clfa": {
            "seq_len=64": 0.01,
            "seq_len=128": 0.004,
            "seq_len=256": 0.005,
            "seq_len=512": 0.007,
            "seq_len=1024": 0.005,
            "seq_len=2048": 0.005
        },
        "fod_mean": {
            "seq_len=64": 0.003,
            "seq_len=128": 0.002,
            "seq_len=256": 0.006,
            "seq_len=512": 0.007,
            "seq_len=1024": 0.003,
            "seq_len=2048": 0.008
        },
        "fod_abs_mean": {
            "seq_len=64": 0.01,
            "seq_len=128": 0.004,
            "seq_len=256": 0.005,
            "seq_len=512": 0.007,
            "seq_len=1024": 0.005,
            "seq_len=2048": 0.005
        },
        "ema_iqr_0.1": {
            "seq_len=64": 0.008,
            "seq_len=128": 0.002,
            "seq_len=256": 0.003,
            "seq_len=512": 0.013,
            "seq_len=1024": 0.011,
            "seq_len=2048": 0.014
        },
        "ema_iqr_0.5": {
            "seq_len=64": 0.007,
            "seq_len=128": 0.002,
            "seq_len=256": 0.003,
            "seq_len=512": 0.013,
            "seq_len=1024": 0.011,
            "seq_len=2048": 0.012
        },
        "ema_slope_0.1": {
            "seq_len=64": 0.008,
            "seq_len=128": 0.005,
            "seq_len=256": 0.006,
            "seq_len=512": 0.009,
            "seq_len=1024": 0.014,
            "seq_len=2048": 0.015
        },
        "ema_slope_0.5": {
            "seq_len=64": 0.008,
            "seq_len=128": 0.005,
            "seq_len=256": 0.006,
            "seq_len=512": 0.009,
            "seq_len=1024": 0.013,
            "seq_len=2048": 0.014
        }
    }
}