{
    "AUC": {
        "loss": {
            "seq_len=64": 0.5135665,
            "seq_len=128": 0.5178335000000001,
            "seq_len=256": 0.5232225,
            "seq_len=512": 0.535041,
            "seq_len=1024": 0.5375480000000001,
            "seq_len=2048": 0.5340955000000001
        },
        "minkprob": {
            "seq_len=64": 0.5255065,
            "seq_len=128": 0.529496,
            "seq_len=256": 0.5349485,
            "seq_len=512": 0.5487894999999999,
            "seq_len=1024": 0.5563825,
            "seq_len=2048": 0.5551785
        },
        "ratio": {
            "seq_len=64": 0.498904,
            "seq_len=128": 0.49591399999999997,
            "seq_len=256": 0.5104205,
            "seq_len=512": 0.52741,
            "seq_len=1024": 0.5394615,
            "seq_len=2048": 0.558049
        },
        "ltiqr": {
            "seq_len=64": 0.526254,
            "seq_len=128": 0.5303665000000001,
            "seq_len=256": 0.552252,
            "seq_len=512": 0.5594265,
            "seq_len=1024": 0.574588,
            "seq_len=2048": 0.5901165
        },
        "ltmean": {
            "seq_len=64": 0.5112795,
            "seq_len=128": 0.5156415000000001,
            "seq_len=256": 0.519362,
            "seq_len=512": 0.5298305000000001,
            "seq_len=1024": 0.5307925,
            "seq_len=2048": 0.5273914999999999
        },
        "ltslope": {
            "seq_len=64": 0.5250524999999999,
            "seq_len=128": 0.5353610000000001,
            "seq_len=256": 0.5506540000000001,
            "seq_len=512": 0.5606945000000001,
            "seq_len=1024": 0.578042,
            "seq_len=2048": 0.5884929999999999
        },
        "clfa": {
            "seq_len=64": 0.503907,
            "seq_len=128": 0.53641,
            "seq_len=256": 0.5658479999999999,
            "seq_len=512": 0.5943130000000001,
            "seq_len=1024": 0.6293974999999999,
            "seq_len=2048": 0.639085
        },
        "fod_mean": {
            "seq_len=64": 0.5114734999999999,
            "seq_len=128": 0.5211995,
            "seq_len=256": 0.527557,
            "seq_len=512": 0.539467,
            "seq_len=1024": 0.54475,
            "seq_len=2048": 0.5406685
        },
        "fod_abs_mean": {
            "seq_len=64": 0.503907,
            "seq_len=128": 0.53641,
            "seq_len=256": 0.5658479999999999,
            "seq_len=512": 0.5943130000000001,
            "seq_len=1024": 0.6293974999999999,
            "seq_len=2048": 0.639085
        },
        "ema_iqr_0.1": {
            "seq_len=64": 0.52766,
            "seq_len=128": 0.531533,
            "seq_len=256": 0.552585,
            "seq_len=512": 0.55806,
            "seq_len=1024": 0.574422,
            "seq_len=2048": 0.589369
        },
        "ema_iqr_0.5": {
            "seq_len=64": 0.528649,
            "seq_len=128": 0.528406,
            "seq_len=256": 0.548966,
            "seq_len=512": 0.5531639999999999,
            "seq_len=1024": 0.5726040000000001,
            "seq_len=2048": 0.584335
        },
        "ema_slope_0.1": {
            "seq_len=64": 0.525217,
            "seq_len=128": 0.535662,
            "seq_len=256": 0.551206,
            "seq_len=512": 0.5613460000000001,
            "seq_len=1024": 0.579049,
            "seq_len=2048": 0.589748
        },
        "ema_slope_0.5": {
            "seq_len=64": 0.525988,
            "seq_len=128": 0.537101,
            "seq_len=256": 0.553679,
            "seq_len=512": 0.566514,
            "seq_len=1024": 0.585565,
            "seq_len=2048": 0.598537
        }
    },
    "TPR": {
        "loss": {
            "seq_len=64": 0.012,
            "seq_len=128": 0.011,
            "seq_len=256": 0.01,
            "seq_len=512": 0.013,
            "seq_len=1024": 0.008,
            "seq_len=2048": 0.01
        },
        "minkprob": {
            "seq_len=64": 0.014,
            "seq_len=128": 0.01,
            "seq_len=256": 0.015,
            "seq_len=512": 0.014,
            "seq_len=1024": 0.01,
            "seq_len=2048": 0.013
        },
        "ratio": {
            "seq_len=64": 0.009,
            "seq_len=128": 0.011,
            "seq_len=256": 0.01,
            "seq_len=512": 0.009,
            "seq_len=1024": 0.008,
            "seq_len=2048": 0.011
        },
        "ltiqr": {
            "seq_len=64": 0.014,
            "seq_len=128": 0.019,
            "seq_len=256": 0.021,
            "seq_len=512": 0.033,
            "seq_len=1024": 0.032,
            "seq_len=2048": 0.04
        },
        "ltmean": {
            "seq_len=64": 0.009,
            "seq_len=128": 0.011,
            "seq_len=256": 0.009,
            "seq_len=512": 0.014,
            "seq_len=1024": 0.007,
            "seq_len=2048": 0.008
        },
        "ltslope": {
            "seq_len=64": 0.013,
            "seq_len=128": 0.017,
            "seq_len=256": 0.026,
            "seq_len=512": 0.032,
            "seq_len=1024": 0.027,
            "seq_len=2048": 0.032
        },
        "clfa": {
            "seq_len=64": 0.012,
            "seq_len=128": 0.009,
            "seq_len=256": 0.011,
            "seq_len=512": 0.01,
            "seq_len=1024": 0.007,
            "seq_len=2048": 0.014
        },
        "fod_mean": {
            "seq_len=64": 0.017,
            "seq_len=128": 0.011,
            "seq_len=256": 0.013,
            "seq_len=512": 0.015,
            "seq_len=1024": 0.01,
            "seq_len=2048": 0.013
        },
        "fod_abs_mean": {
            "seq_len=64": 0.012,
            "seq_len=128": 0.009,
            "seq_len=256": 0.011,
            "seq_len=512": 0.01,
            "seq_len=1024": 0.007,
            "seq_len=2048": 0.014
        },
        "ema_iqr_0.1": {
            "seq_len=64": 0.014,
            "seq_len=128": 0.018,
            "seq_len=256": 0.019,
            "seq_len=512": 0.037,
            "seq_len=1024": 0.037,
            "seq_len=2048": 0.038
        },
        "ema_iqr_0.5": {
            "seq_len=64": 0.014,
            "seq_len=128": 0.018,
            "seq_len=256": 0.018,
            "seq_len=512": 0.028,
            "seq_len=1024": 0.034,
            "seq_len=2048": 0.041
        },
        "ema_slope_0.1": {
            "seq_len=64": 0.013,
            "seq_len=128": 0.017,
            "seq_len=256": 0.025,
            "seq_len=512": 0.032,
            "seq_len=1024": 0.027,
            "seq_len=2048": 0.032
        },
        "ema_slope_0.5": {
            "seq_len=64": 0.013,
            "seq_len=128": 0.017,
            "seq_len=256": 0.028,
            "seq_len=512": 0.036,
            "seq_len=1024": 0.029,
            "seq_len=2048": 0.029
        }
    }
}