{
    "AUC": {
        "loss": {
            "seq_len=64": 0.5182565,
            "seq_len=128": 0.531014,
            "seq_len=256": 0.5455275,
            "seq_len=512": 0.548493,
            "seq_len=1024": 0.551671,
            "seq_len=2048": 0.5382669999999999
        },
        "minkprob": {
            "seq_len=64": 0.5096895,
            "seq_len=128": 0.533217,
            "seq_len=256": 0.5450555,
            "seq_len=512": 0.5473005,
            "seq_len=1024": 0.5531459999999999,
            "seq_len=2048": 0.542318
        },
        "ratio": {
            "seq_len=64": 0.5291129999999999,
            "seq_len=128": 0.5378240000000001,
            "seq_len=256": 0.55133,
            "seq_len=512": 0.5662975,
            "seq_len=1024": 0.568074,
            "seq_len=2048": 0.571282
        },
        "ltiqr": {
            "seq_len=64": 0.5491675,
            "seq_len=128": 0.572685,
            "seq_len=256": 0.5946515,
            "seq_len=512": 0.6176755,
            "seq_len=1024": 0.623443,
            "seq_len=2048": 0.6294135
        },
        "ltmean": {
            "seq_len=64": 0.5106715,
            "seq_len=128": 0.5201505,
            "seq_len=256": 0.5323499999999999,
            "seq_len=512": 0.534502,
            "seq_len=1024": 0.538167,
            "seq_len=2048": 0.524109
        },
        "ltslope": {
            "seq_len=64": 0.548889,
            "seq_len=128": 0.568033,
            "seq_len=256": 0.587171,
            "seq_len=512": 0.605935,
            "seq_len=1024": 0.6131449999999999,
            "seq_len=2048": 0.616061
        },
        "clfa": {
            "seq_len=64": 0.5385345,
            "seq_len=128": 0.5697565,
            "seq_len=256": 0.6240334999999999,
            "seq_len=512": 0.6572625000000001,
            "seq_len=1024": 0.6838090000000001,
            "seq_len=2048": 0.681413
        },
        "fod_mean": {
            "seq_len=64": 0.524629,
            "seq_len=128": 0.530376,
            "seq_len=256": 0.5447295000000001,
            "seq_len=512": 0.5445345,
            "seq_len=1024": 0.551717,
            "seq_len=2048": 0.5362175
        },
        "fod_abs_mean": {
            "seq_len=64": 0.5385345,
            "seq_len=128": 0.5697565,
            "seq_len=256": 0.6240334999999999,
            "seq_len=512": 0.6572625000000001,
            "seq_len=1024": 0.6838090000000001,
            "seq_len=2048": 0.681413
        },
        "ema_iqr_0.1": {
            "seq_len=64": 0.548362,
            "seq_len=128": 0.5712020000000001,
            "seq_len=256": 0.594175,
            "seq_len=512": 0.616827,
            "seq_len=1024": 0.6220289999999999,
            "seq_len=2048": 0.627793
        },
        "ema_iqr_0.5": {
            "seq_len=64": 0.544593,
            "seq_len=128": 0.565446,
            "seq_len=256": 0.58872,
            "seq_len=512": 0.610619,
            "seq_len=1024": 0.616112,
            "seq_len=2048": 0.622811
        },
        "ema_slope_0.1": {
            "seq_len=64": 0.5489660000000001,
            "seq_len=128": 0.568046,
            "seq_len=256": 0.587226,
            "seq_len=512": 0.6059370000000001,
            "seq_len=1024": 0.613232,
            "seq_len=2048": 0.6160079999999999
        },
        "ema_slope_0.5": {
            "seq_len=64": 0.549327,
            "seq_len=128": 0.5678449999999999,
            "seq_len=256": 0.587052,
            "seq_len=512": 0.6053740000000001,
            "seq_len=1024": 0.613515,
            "seq_len=2048": 0.6154019999999999
        }
    },
    "TPR": {
        "loss": {
            "seq_len=64": 0.014,
            "seq_len=128": 0.009,
            "seq_len=256": 0.012,
            "seq_len=512": 0.015,
            "seq_len=1024": 0.011,
            "seq_len=2048": 0.013
        },
        "minkprob": {
            "seq_len=64": 0.011,
            "seq_len=128": 0.009,
            "seq_len=256": 0.01,
            "seq_len=512": 0.019,
            "seq_len=1024": 0.013,
            "seq_len=2048": 0.013
        },
        "ratio": {
            "seq_len=64": 0.012,
            "seq_len=128": 0.028,
            "seq_len=256": 0.015,
            "seq_len=512": 0.016,
            "seq_len=1024": 0.017,
            "seq_len=2048": 0.016
        },
        "ltiqr": {
            "seq_len=64": 0.019,
            "seq_len=128": 0.01,
            "seq_len=256": 0.011,
            "seq_len=512": 0.021,
            "seq_len=1024": 0.017,
            "seq_len=2048": 0.012
        },
        "ltmean": {
            "seq_len=64": 0.012,
            "seq_len=128": 0.005,
            "seq_len=256": 0.014,
            "seq_len=512": 0.013,
            "seq_len=1024": 0.013,
            "seq_len=2048": 0.014
        },
        "ltslope": {
            "seq_len=64": 0.019,
            "seq_len=128": 0.013,
            "seq_len=256": 0.014,
            "seq_len=512": 0.014,
            "seq_len=1024": 0.012,
            "seq_len=2048": 0.012
        },
        "clfa": {
            "seq_len=64": 0.012,
            "seq_len=128": 0.012,
            "seq_len=256": 0.014,
            "seq_len=512": 0.015,
            "seq_len=1024": 0.011,
            "seq_len=2048": 0.011
        },
        "fod_mean": {
            "seq_len=64": 0.01,
            "seq_len=128": 0.009,
            "seq_len=256": 0.016,
            "seq_len=512": 0.014,
            "seq_len=1024": 0.006,
            "seq_len=2048": 0.009
        },
        "fod_abs_mean": {
            "seq_len=64": 0.012,
            "seq_len=128": 0.012,
            "seq_len=256": 0.014,
            "seq_len=512": 0.015,
            "seq_len=1024": 0.011,
            "seq_len=2048": 0.011
        },
        "ema_iqr_0.1": {
            "seq_len=64": 0.016,
            "seq_len=128": 0.011,
            "seq_len=256": 0.011,
            "seq_len=512": 0.021,
            "seq_len=1024": 0.017,
            "seq_len=2048": 0.011
        },
        "ema_iqr_0.5": {
            "seq_len=64": 0.016,
            "seq_len=128": 0.01,
            "seq_len=256": 0.011,
            "seq_len=512": 0.022,
            "seq_len=1024": 0.017,
            "seq_len=2048": 0.013
        },
        "ema_slope_0.1": {
            "seq_len=64": 0.019,
            "seq_len=128": 0.013,
            "seq_len=256": 0.014,
            "seq_len=512": 0.014,
            "seq_len=1024": 0.012,
            "seq_len=2048": 0.012
        },
        "ema_slope_0.5": {
            "seq_len=64": 0.02,
            "seq_len=128": 0.013,
            "seq_len=256": 0.014,
            "seq_len=512": 0.012,
            "seq_len=1024": 0.01,
            "seq_len=2048": 0.011
        }
    }
}