{
    "AUC": {
        "loss": {
            "seq_len=64": 0.4116,
            "seq_len=128": 0.4464,
            "seq_len=256": 0.4002,
            "seq_len=512": 0.5096,
            "seq_len=1024": 0.5938
        },
        "minkprob": {
            "seq_len=64": 0.4354,
            "seq_len=128": 0.48739999999999994,
            "seq_len=256": 0.3972,
            "seq_len=512": 0.5064,
            "seq_len=1024": 0.6033999999999999
        },
        "ratio": {
            "seq_len=64": 0.43440000000000006,
            "seq_len=128": 0.5144,
            "seq_len=256": 0.4376,
            "seq_len=512": 0.5572,
            "seq_len=1024": 0.4304
        },
        "ltiqr": {
            "seq_len=64": 0.6017999999999999,
            "seq_len=128": 0.4454,
            "seq_len=256": 0.4528,
            "seq_len=512": 0.5698,
            "seq_len=1024": 0.5332
        },
        "ltmean": {
            "seq_len=64": 0.39879999999999993,
            "seq_len=128": 0.4468,
            "seq_len=256": 0.4096,
            "seq_len=512": 0.5084,
            "seq_len=1024": 0.5944
        },
        "ltslope": {
            "seq_len=64": 0.5596,
            "seq_len=128": 0.46759999999999996,
            "seq_len=256": 0.452,
            "seq_len=512": 0.5676,
            "seq_len=1024": 0.5656
        },
        "clfa": {
            "seq_len=64": 0.5531999999999999,
            "seq_len=128": 0.378,
            "seq_len=256": 0.40060000000000007,
            "seq_len=512": 0.5224,
            "seq_len=1024": 0.6164000000000001
        },
        "fod_mean": {
            "seq_len=64": 0.4022,
            "seq_len=128": 0.4436,
            "seq_len=256": 0.40800000000000003,
            "seq_len=512": 0.5024,
            "seq_len=1024": 0.597
        },
        "fod_abs_mean": {
            "seq_len=64": 0.5531999999999999,
            "seq_len=128": 0.378,
            "seq_len=256": 0.40060000000000007,
            "seq_len=512": 0.5224,
            "seq_len=1024": 0.6164000000000001
        },
        "ema_iqr_0.1": {
            "seq_len=64": 0.6015999999999999,
            "seq_len=128": 0.4492,
            "seq_len=256": 0.45080000000000003,
            "seq_len=512": 0.5672,
            "seq_len=1024": 0.5308
        },
        "ema_iqr_0.5": {
            "seq_len=64": 0.6064,
            "seq_len=128": 0.4456000000000001,
            "seq_len=256": 0.46440000000000003,
            "seq_len=512": 0.5716,
            "seq_len=1024": 0.5187999999999999
        },
        "ema_slope_0.1": {
            "seq_len=64": 0.5588000000000001,
            "seq_len=128": 0.46680000000000005,
            "seq_len=256": 0.448,
            "seq_len=512": 0.5636,
            "seq_len=1024": 0.5676
        },
        "ema_slope_0.5": {
            "seq_len=64": 0.5488,
            "seq_len=128": 0.454,
            "seq_len=256": 0.4324,
            "seq_len=512": 0.5484,
            "seq_len=1024": 0.5896
        }
    },
    "TPR": {
        "loss": {
            "seq_len=64": 0.0,
            "seq_len=128": 0.02,
            "seq_len=256": 0.0,
            "seq_len=512": 0.02,
            "seq_len=1024": 0.04
        },
        "minkprob": {
            "seq_len=64": 0.0,
            "seq_len=128": 0.0,
            "seq_len=256": 0.0,
            "seq_len=512": 0.02,
            "seq_len=1024": 0.04
        },
        "ratio": {
            "seq_len=64": 0.0,
            "seq_len=128": 0.02,
            "seq_len=256": 0.0,
            "seq_len=512": 0.02,
            "seq_len=1024": 0.02
        },
        "ltiqr": {
            "seq_len=64": 0.04,
            "seq_len=128": 0.0,
            "seq_len=256": 0.0,
            "seq_len=512": 0.0,
            "seq_len=1024": 0.08
        },
        "ltmean": {
            "seq_len=64": 0.0,
            "seq_len=128": 0.02,
            "seq_len=256": 0.0,
            "seq_len=512": 0.02,
            "seq_len=1024": 0.04
        },
        "ltslope": {
            "seq_len=64": 0.0,
            "seq_len=128": 0.0,
            "seq_len=256": 0.0,
            "seq_len=512": 0.02,
            "seq_len=1024": 0.08
        },
        "clfa": {
            "seq_len=64": 0.02,
            "seq_len=128": 0.02,
            "seq_len=256": 0.0,
            "seq_len=512": 0.02,
            "seq_len=1024": 0.06
        },
        "fod_mean": {
            "seq_len=64": 0.0,
            "seq_len=128": 0.02,
            "seq_len=256": 0.0,
            "seq_len=512": 0.02,
            "seq_len=1024": 0.02
        },
        "fod_abs_mean": {
            "seq_len=64": 0.02,
            "seq_len=128": 0.02,
            "seq_len=256": 0.0,
            "seq_len=512": 0.02,
            "seq_len=1024": 0.06
        },
        "ema_iqr_0.1": {
            "seq_len=64": 0.04,
            "seq_len=128": 0.0,
            "seq_len=256": 0.0,
            "seq_len=512": 0.0,
            "seq_len=1024": 0.08
        },
        "ema_iqr_0.5": {
            "seq_len=64": 0.0,
            "seq_len=128": 0.0,
            "seq_len=256": 0.0,
            "seq_len=512": 0.0,
            "seq_len=1024": 0.08
        },
        "ema_slope_0.1": {
            "seq_len=64": 0.0,
            "seq_len=128": 0.0,
            "seq_len=256": 0.0,
            "seq_len=512": 0.02,
            "seq_len=1024": 0.06
        },
        "ema_slope_0.5": {
            "seq_len=64": 0.0,
            "seq_len=128": 0.0,
            "seq_len=256": 0.0,
            "seq_len=512": 0.02,
            "seq_len=1024": 0.0
        }
    }
}