{
    "AUC": {
        "loss": {
            "seq_len=64": 0.5128235000000001,
            "seq_len=128": 0.518284,
            "seq_len=256": 0.5259185,
            "seq_len=512": 0.5394205,
            "seq_len=1024": 0.5417105,
            "seq_len=2048": 0.5395224999999999
        },
        "minkprob": {
            "seq_len=64": 0.5262435,
            "seq_len=128": 0.5319155,
            "seq_len=256": 0.538471,
            "seq_len=512": 0.5528905,
            "seq_len=1024": 0.5618455,
            "seq_len=2048": 0.5627195
        },
        "ratio": {
            "seq_len=64": 0.49941250000000004,
            "seq_len=128": 0.49983249999999996,
            "seq_len=256": 0.5204044999999999,
            "seq_len=512": 0.5394585,
            "seq_len=1024": 0.551176,
            "seq_len=2048": 0.5724585
        },
        "ltiqr": {
            "seq_len=64": 0.5236775,
            "seq_len=128": 0.5471005,
            "seq_len=256": 0.567294,
            "seq_len=512": 0.574863,
            "seq_len=1024": 0.589565,
            "seq_len=2048": 0.605467
        },
        "ltmean": {
            "seq_len=64": 0.5115145,
            "seq_len=128": 0.515966,
            "seq_len=256": 0.521329,
            "seq_len=512": 0.5321935,
            "seq_len=1024": 0.533057,
            "seq_len=2048": 0.530849
        },
        "ltslope": {
            "seq_len=64": 0.5244645,
            "seq_len=128": 0.545604,
            "seq_len=256": 0.5621895,
            "seq_len=512": 0.5718825000000001,
            "seq_len=1024": 0.587172,
            "seq_len=2048": 0.6013825
        },
        "clfa": {
            "seq_len=64": 0.4875985,
            "seq_len=128": 0.5249625,
            "seq_len=256": 0.5584415,
            "seq_len=512": 0.600384,
            "seq_len=1024": 0.6287595000000001,
            "seq_len=2048": 0.640552
        },
        "fod_mean": {
            "seq_len=64": 0.5112455,
            "seq_len=128": 0.5105895,
            "seq_len=256": 0.5173404999999999,
            "seq_len=512": 0.5291095,
            "seq_len=1024": 0.527806,
            "seq_len=2048": 0.5299010000000001
        },
        "fod_abs_mean": {
            "seq_len=64": 0.4875985,
            "seq_len=128": 0.5249625,
            "seq_len=256": 0.5584415,
            "seq_len=512": 0.600384,
            "seq_len=1024": 0.6287595000000001,
            "seq_len=2048": 0.640552
        },
        "ema_iqr_0.1": {
            "seq_len=64": 0.523682,
            "seq_len=128": 0.5463979999999999,
            "seq_len=256": 0.566256,
            "seq_len=512": 0.5743659999999999,
            "seq_len=1024": 0.588299,
            "seq_len=2048": 0.604764
        },
        "ema_iqr_0.5": {
            "seq_len=64": 0.52201,
            "seq_len=128": 0.5455949999999999,
            "seq_len=256": 0.562345,
            "seq_len=512": 0.570939,
            "seq_len=1024": 0.5853659999999999,
            "seq_len=2048": 0.601096
        },
        "ema_slope_0.1": {
            "seq_len=64": 0.524625,
            "seq_len=128": 0.54583,
            "seq_len=256": 0.562535,
            "seq_len=512": 0.572486,
            "seq_len=1024": 0.587924,
            "seq_len=2048": 0.6024700000000001
        },
        "ema_slope_0.5": {
            "seq_len=64": 0.525748,
            "seq_len=128": 0.546395,
            "seq_len=256": 0.564324,
            "seq_len=512": 0.5772200000000001,
            "seq_len=1024": 0.594204,
            "seq_len=2048": 0.610533
        }
    },
    "TPR": {
        "loss": {
            "seq_len=64": 0.006,
            "seq_len=128": 0.011,
            "seq_len=256": 0.01,
            "seq_len=512": 0.015,
            "seq_len=1024": 0.009,
            "seq_len=2048": 0.01
        },
        "minkprob": {
            "seq_len=64": 0.014,
            "seq_len=128": 0.01,
            "seq_len=256": 0.016,
            "seq_len=512": 0.014,
            "seq_len=1024": 0.011,
            "seq_len=2048": 0.013
        },
        "ratio": {
            "seq_len=64": 0.008,
            "seq_len=128": 0.012,
            "seq_len=256": 0.01,
            "seq_len=512": 0.009,
            "seq_len=1024": 0.009,
            "seq_len=2048": 0.012
        },
        "ltiqr": {
            "seq_len=64": 0.014,
            "seq_len=128": 0.013,
            "seq_len=256": 0.021,
            "seq_len=512": 0.038,
            "seq_len=1024": 0.038,
            "seq_len=2048": 0.054
        },
        "ltmean": {
            "seq_len=64": 0.009,
            "seq_len=128": 0.012,
            "seq_len=256": 0.009,
            "seq_len=512": 0.014,
            "seq_len=1024": 0.007,
            "seq_len=2048": 0.009
        },
        "ltslope": {
            "seq_len=64": 0.016,
            "seq_len=128": 0.015,
            "seq_len=256": 0.021,
            "seq_len=512": 0.031,
            "seq_len=1024": 0.023,
            "seq_len=2048": 0.026
        },
        "clfa": {
            "seq_len=64": 0.006,
            "seq_len=128": 0.013,
            "seq_len=256": 0.011,
            "seq_len=512": 0.022,
            "seq_len=1024": 0.016,
            "seq_len=2048": 0.016
        },
        "fod_mean": {
            "seq_len=64": 0.005,
            "seq_len=128": 0.009,
            "seq_len=256": 0.008,
            "seq_len=512": 0.018,
            "seq_len=1024": 0.015,
            "seq_len=2048": 0.012
        },
        "fod_abs_mean": {
            "seq_len=64": 0.006,
            "seq_len=128": 0.013,
            "seq_len=256": 0.011,
            "seq_len=512": 0.022,
            "seq_len=1024": 0.016,
            "seq_len=2048": 0.016
        },
        "ema_iqr_0.1": {
            "seq_len=64": 0.014,
            "seq_len=128": 0.012,
            "seq_len=256": 0.02,
            "seq_len=512": 0.039,
            "seq_len=1024": 0.036,
            "seq_len=2048": 0.054
        },
        "ema_iqr_0.5": {
            "seq_len=64": 0.013,
            "seq_len=128": 0.014,
            "seq_len=256": 0.019,
            "seq_len=512": 0.038,
            "seq_len=1024": 0.033,
            "seq_len=2048": 0.049
        },
        "ema_slope_0.1": {
            "seq_len=64": 0.016,
            "seq_len=128": 0.015,
            "seq_len=256": 0.021,
            "seq_len=512": 0.031,
            "seq_len=1024": 0.023,
            "seq_len=2048": 0.026
        },
        "ema_slope_0.5": {
            "seq_len=64": 0.016,
            "seq_len=128": 0.015,
            "seq_len=256": 0.025,
            "seq_len=512": 0.036,
            "seq_len=1024": 0.027,
            "seq_len=2048": 0.026
        }
    }
}