{
    "AUC": {
        "loss": {
            "seq_len=64": 0.52468,
            "seq_len=128": 0.531105,
            "seq_len=256": 0.52774,
            "seq_len=512": 0.5367025,
            "seq_len=1024": 0.536528,
            "seq_len=2048": 0.536134
        },
        "minkprob": {
            "seq_len=64": 0.528459,
            "seq_len=128": 0.5281280000000002,
            "seq_len=256": 0.5331035000000001,
            "seq_len=512": 0.5467019999999999,
            "seq_len=1024": 0.548176,
            "seq_len=2048": 0.54477
        },
        "ratio": {
            "seq_len=64": 0.5284705000000001,
            "seq_len=128": 0.5339645000000001,
            "seq_len=256": 0.541882,
            "seq_len=512": 0.544381,
            "seq_len=1024": 0.5587869999999999,
            "seq_len=2048": 0.570168
        },
        "ltiqr": {
            "seq_len=64": 0.523343,
            "seq_len=128": 0.550404,
            "seq_len=256": 0.554378,
            "seq_len=512": 0.5551625,
            "seq_len=1024": 0.5636599999999999,
            "seq_len=2048": 0.571613
        },
        "ltmean": {
            "seq_len=64": 0.520437,
            "seq_len=128": 0.525455,
            "seq_len=256": 0.522195,
            "seq_len=512": 0.532084,
            "seq_len=1024": 0.5310745,
            "seq_len=2048": 0.526883
        },
        "ltslope": {
            "seq_len=64": 0.520355,
            "seq_len=128": 0.547909,
            "seq_len=256": 0.5524325,
            "seq_len=512": 0.5511975,
            "seq_len=1024": 0.5628440000000001,
            "seq_len=2048": 0.576192
        },
        "clfa": {
            "seq_len=64": 0.5009155,
            "seq_len=128": 0.5249835,
            "seq_len=256": 0.539503,
            "seq_len=512": 0.558138,
            "seq_len=1024": 0.5702940000000001,
            "seq_len=2048": 0.5747885
        },
        "fod_mean": {
            "seq_len=64": 0.5261195000000001,
            "seq_len=128": 0.5277545,
            "seq_len=256": 0.5281755,
            "seq_len=512": 0.5346725,
            "seq_len=1024": 0.5361294999999999,
            "seq_len=2048": 0.5374985
        },
        "fod_abs_mean": {
            "seq_len=64": 0.5009155,
            "seq_len=128": 0.5249835,
            "seq_len=256": 0.539503,
            "seq_len=512": 0.558138,
            "seq_len=1024": 0.5702940000000001,
            "seq_len=2048": 0.5747885
        },
        "ema_iqr_0.1": {
            "seq_len=64": 0.5241279999999999,
            "seq_len=128": 0.5493790000000001,
            "seq_len=256": 0.554501,
            "seq_len=512": 0.554595,
            "seq_len=1024": 0.563071,
            "seq_len=2048": 0.571612
        },
        "ema_iqr_0.5": {
            "seq_len=64": 0.521581,
            "seq_len=128": 0.547114,
            "seq_len=256": 0.5532860000000001,
            "seq_len=512": 0.5530170000000001,
            "seq_len=1024": 0.55982,
            "seq_len=2048": 0.570415
        },
        "ema_slope_0.1": {
            "seq_len=64": 0.520594,
            "seq_len=128": 0.548006,
            "seq_len=256": 0.5523859999999999,
            "seq_len=512": 0.5514110000000001,
            "seq_len=1024": 0.563216,
            "seq_len=2048": 0.5767490000000001
        },
        "ema_slope_0.5": {
            "seq_len=64": 0.522559,
            "seq_len=128": 0.548055,
            "seq_len=256": 0.5518540000000001,
            "seq_len=512": 0.552113,
            "seq_len=1024": 0.565465,
            "seq_len=2048": 0.579961
        }
    },
    "TPR": {
        "loss": {
            "seq_len=64": 0.013,
            "seq_len=128": 0.014,
            "seq_len=256": 0.011,
            "seq_len=512": 0.014,
            "seq_len=1024": 0.013,
            "seq_len=2048": 0.009
        },
        "minkprob": {
            "seq_len=64": 0.013,
            "seq_len=128": 0.007,
            "seq_len=256": 0.008,
            "seq_len=512": 0.016,
            "seq_len=1024": 0.014,
            "seq_len=2048": 0.009
        },
        "ratio": {
            "seq_len=64": 0.012,
            "seq_len=128": 0.014,
            "seq_len=256": 0.018,
            "seq_len=512": 0.014,
            "seq_len=1024": 0.012,
            "seq_len=2048": 0.008
        },
        "ltiqr": {
            "seq_len=64": 0.015,
            "seq_len=128": 0.015,
            "seq_len=256": 0.02,
            "seq_len=512": 0.02,
            "seq_len=1024": 0.017,
            "seq_len=2048": 0.006
        },
        "ltmean": {
            "seq_len=64": 0.015,
            "seq_len=128": 0.018,
            "seq_len=256": 0.012,
            "seq_len=512": 0.011,
            "seq_len=1024": 0.011,
            "seq_len=2048": 0.014
        },
        "ltslope": {
            "seq_len=64": 0.009,
            "seq_len=128": 0.014,
            "seq_len=256": 0.015,
            "seq_len=512": 0.014,
            "seq_len=1024": 0.012,
            "seq_len=2048": 0.004
        },
        "clfa": {
            "seq_len=64": 0.005,
            "seq_len=128": 0.008,
            "seq_len=256": 0.015,
            "seq_len=512": 0.015,
            "seq_len=1024": 0.015,
            "seq_len=2048": 0.011
        },
        "fod_mean": {
            "seq_len=64": 0.009,
            "seq_len=128": 0.016,
            "seq_len=256": 0.018,
            "seq_len=512": 0.015,
            "seq_len=1024": 0.016,
            "seq_len=2048": 0.013
        },
        "fod_abs_mean": {
            "seq_len=64": 0.005,
            "seq_len=128": 0.008,
            "seq_len=256": 0.015,
            "seq_len=512": 0.015,
            "seq_len=1024": 0.015,
            "seq_len=2048": 0.011
        },
        "ema_iqr_0.1": {
            "seq_len=64": 0.015,
            "seq_len=128": 0.015,
            "seq_len=256": 0.015,
            "seq_len=512": 0.021,
            "seq_len=1024": 0.016,
            "seq_len=2048": 0.007
        },
        "ema_iqr_0.5": {
            "seq_len=64": 0.013,
            "seq_len=128": 0.014,
            "seq_len=256": 0.013,
            "seq_len=512": 0.022,
            "seq_len=1024": 0.018,
            "seq_len=2048": 0.006
        },
        "ema_slope_0.1": {
            "seq_len=64": 0.01,
            "seq_len=128": 0.014,
            "seq_len=256": 0.015,
            "seq_len=512": 0.014,
            "seq_len=1024": 0.012,
            "seq_len=2048": 0.004
        },
        "ema_slope_0.5": {
            "seq_len=64": 0.011,
            "seq_len=128": 0.014,
            "seq_len=256": 0.015,
            "seq_len=512": 0.014,
            "seq_len=1024": 0.011,
            "seq_len=2048": 0.004
        }
    }
}