{
    "AUC": {
        "clfa": {
            "seq_len=64": 0.4841375,
            "seq_len=128": 0.488298,
            "seq_len=256": 0.49732049999999994,
            "seq_len=512": 0.506887,
            "seq_len=1024": 0.5043365,
            "seq_len=2048": 0.5069265000000001
        },
        "s2conv": {
            "seq_len=64": 0.516833,
            "seq_len=128": 0.5086065,
            "seq_len=256": 0.5297689999999999,
            "seq_len=512": 0.5350885,
            "seq_len=1024": 0.551865,
            "seq_len=2048": 0.5470445
        },
        "ltiqr": {
            "seq_len=64": 0.48480100000000004,
            "seq_len=128": 0.488279,
            "seq_len=256": 0.4929355,
            "seq_len=512": 0.504951,
            "seq_len=1024": 0.505439,
            "seq_len=2048": 0.500568
        },
        "ltmean": {
            "seq_len=64": 0.48903949999999996,
            "seq_len=128": 0.48849700000000007,
            "seq_len=256": 0.48954000000000003,
            "seq_len=512": 0.501296,
            "seq_len=1024": 0.5024815,
            "seq_len=2048": 0.4996745
        },
        "ltslope": {
            "seq_len=64": 0.4868015,
            "seq_len=128": 0.488321,
            "seq_len=256": 0.49117700000000003,
            "seq_len=512": 0.501587,
            "seq_len=1024": 0.4978935,
            "seq_len=2048": 0.49735850000000004
        }
    },
    "TPR": {
        "clfa": {
            "seq_len=64": 0.011,
            "seq_len=128": 0.005,
            "seq_len=256": 0.005,
            "seq_len=512": 0.006,
            "seq_len=1024": 0.008,
            "seq_len=2048": 0.005
        },
        "s2conv": {
            "seq_len=64": 0.0106875,
            "seq_len=128": 0.006666666666666666,
            "seq_len=256": 0.009714285714285715,
            "seq_len=512": 0.0074,
            "seq_len=1024": 0.017,
            "seq_len=2048": 0.011
        },
        "ltiqr": {
            "seq_len=64": 0.007,
            "seq_len=128": 0.002,
            "seq_len=256": 0.003,
            "seq_len=512": 0.012,
            "seq_len=1024": 0.012,
            "seq_len=2048": 0.015
        },
        "ltmean": {
            "seq_len=64": 0.009,
            "seq_len=128": 0.003,
            "seq_len=256": 0.007,
            "seq_len=512": 0.011,
            "seq_len=1024": 0.013,
            "seq_len=2048": 0.012
        },
        "ltslope": {
            "seq_len=64": 0.008,
            "seq_len=128": 0.004,
            "seq_len=256": 0.009,
            "seq_len=512": 0.009,
            "seq_len=1024": 0.016,
            "seq_len=2048": 0.015
        }
    }
}