{
    "AUC": {
        "clfa": {
            "seq_len=64": 0.5064055,
            "seq_len=128": 0.524166,
            "seq_len=256": 0.5369985,
            "seq_len=512": 0.5544290000000001,
            "seq_len=1024": 0.5848065,
            "seq_len=2048": 0.6257155
        },
        "s2conv": {
            "seq_len=64": 0.5072855000000001,
            "seq_len=128": 0.5208475,
            "seq_len=256": 0.548273,
            "seq_len=512": 0.5744555,
            "seq_len=1024": 0.5933255,
            "seq_len=2048": 0.5921185
        },
        "ltiqr": {
            "seq_len=64": 0.513061,
            "seq_len=128": 0.5399875000000001,
            "seq_len=256": 0.546191,
            "seq_len=512": 0.5452215,
            "seq_len=1024": 0.5490915,
            "seq_len=2048": 0.5485315
        },
        "ltmean": {
            "seq_len=64": 0.5157514999999999,
            "seq_len=128": 0.532564,
            "seq_len=256": 0.54707,
            "seq_len=512": 0.53526,
            "seq_len=1024": 0.541669,
            "seq_len=2048": 0.538218
        },
        "ltslope": {
            "seq_len=64": 0.5165965,
            "seq_len=128": 0.537417,
            "seq_len=256": 0.544919,
            "seq_len=512": 0.5327310000000001,
            "seq_len=1024": 0.540215,
            "seq_len=2048": 0.532574
        }
    },
    "TPR": {
        "clfa": {
            "seq_len=64": 0.01,
            "seq_len=128": 0.014,
            "seq_len=256": 0.014,
            "seq_len=512": 0.012,
            "seq_len=1024": 0.022,
            "seq_len=2048": 0.011
        },
        "s2conv": {
            "seq_len=64": 0.0135,
            "seq_len=128": 0.013,
            "seq_len=256": 0.035,
            "seq_len=512": 0.038,
            "seq_len=1024": 0.064,
            "seq_len=2048": 0.069
        },
        "ltiqr": {
            "seq_len=64": 0.007,
            "seq_len=128": 0.007,
            "seq_len=256": 0.012,
            "seq_len=512": 0.014,
            "seq_len=1024": 0.013,
            "seq_len=2048": 0.008
        },
        "ltmean": {
            "seq_len=64": 0.006,
            "seq_len=128": 0.012,
            "seq_len=256": 0.009,
            "seq_len=512": 0.014,
            "seq_len=1024": 0.011,
            "seq_len=2048": 0.005
        },
        "ltslope": {
            "seq_len=64": 0.006,
            "seq_len=128": 0.006,
            "seq_len=256": 0.013,
            "seq_len=512": 0.014,
            "seq_len=1024": 0.011,
            "seq_len=2048": 0.004
        }
    }
}