{
    "AUC": {
        "loss": {
            "seq_len=64": 0.5174,
            "seq_len=128": 0.46199999999999997,
            "seq_len=256": 0.5469999999999999,
            "seq_len=512": 0.5508,
            "seq_len=1024": 0.47000000000000003
        },
        "minkprob": {
            "seq_len=64": 0.5534,
            "seq_len=128": 0.4544,
            "seq_len=256": 0.5256,
            "seq_len=512": 0.45520000000000005,
            "seq_len=1024": 0.4915999999999999
        },
        "ratio": {
            "seq_len=64": 0.5604,
            "seq_len=128": 0.5027999999999999,
            "seq_len=256": 0.546,
            "seq_len=512": 0.4332,
            "seq_len=1024": 0.49879999999999997
        },
        "ltiqr": {
            "seq_len=64": 0.48960000000000004,
            "seq_len=128": 0.6048,
            "seq_len=256": 0.5754,
            "seq_len=512": 0.5,
            "seq_len=1024": 0.591
        },
        "ltmean": {
            "seq_len=64": 0.5184000000000001,
            "seq_len=128": 0.45600000000000007,
            "seq_len=256": 0.5456,
            "seq_len=512": 0.5448,
            "seq_len=1024": 0.4664
        },
        "ltslope": {
            "seq_len=64": 0.5287999999999999,
            "seq_len=128": 0.6068,
            "seq_len=256": 0.5988,
            "seq_len=512": 0.5247999999999999,
            "seq_len=1024": 0.6012000000000001
        },
        "clfa": {
            "seq_len=64": 0.42160000000000003,
            "seq_len=128": 0.47359999999999997,
            "seq_len=256": 0.52,
            "seq_len=512": 0.6354,
            "seq_len=1024": 0.49119999999999997
        },
        "fod_mean": {
            "seq_len=64": 0.5114000000000001,
            "seq_len=128": 0.44580000000000003,
            "seq_len=256": 0.5340000000000001,
            "seq_len=512": 0.5602,
            "seq_len=1024": 0.473
        },
        "fod_abs_mean": {
            "seq_len=64": 0.42160000000000003,
            "seq_len=128": 0.47359999999999997,
            "seq_len=256": 0.52,
            "seq_len=512": 0.6354,
            "seq_len=1024": 0.49119999999999997
        },
        "ema_iqr_0.1": {
            "seq_len=64": 0.49999999999999994,
            "seq_len=128": 0.6112,
            "seq_len=256": 0.5736,
            "seq_len=512": 0.506,
            "seq_len=1024": 0.5871999999999999
        },
        "ema_iqr_0.5": {
            "seq_len=64": 0.5064,
            "seq_len=128": 0.6088,
            "seq_len=256": 0.5755999999999999,
            "seq_len=512": 0.4876,
            "seq_len=1024": 0.592
        },
        "ema_slope_0.1": {
            "seq_len=64": 0.5287999999999999,
            "seq_len=128": 0.6052,
            "seq_len=256": 0.5999999999999999,
            "seq_len=512": 0.5272,
            "seq_len=1024": 0.6048
        },
        "ema_slope_0.5": {
            "seq_len=64": 0.5252,
            "seq_len=128": 0.5908,
            "seq_len=256": 0.5995999999999999,
            "seq_len=512": 0.5364,
            "seq_len=1024": 0.594
        }
    },
    "TPR": {
        "loss": {
            "seq_len=64": 0.0,
            "seq_len=128": 0.0,
            "seq_len=256": 0.0,
            "seq_len=512": 0.0,
            "seq_len=1024": 0.0
        },
        "minkprob": {
            "seq_len=64": 0.0,
            "seq_len=128": 0.0,
            "seq_len=256": 0.02,
            "seq_len=512": 0.0,
            "seq_len=1024": 0.0
        },
        "ratio": {
            "seq_len=64": 0.0,
            "seq_len=128": 0.0,
            "seq_len=256": 0.02,
            "seq_len=512": 0.0,
            "seq_len=1024": 0.08
        },
        "ltiqr": {
            "seq_len=64": 0.0,
            "seq_len=128": 0.0,
            "seq_len=256": 0.0,
            "seq_len=512": 0.0,
            "seq_len=1024": 0.04
        },
        "ltmean": {
            "seq_len=64": 0.0,
            "seq_len=128": 0.0,
            "seq_len=256": 0.0,
            "seq_len=512": 0.0,
            "seq_len=1024": 0.0
        },
        "ltslope": {
            "seq_len=64": 0.0,
            "seq_len=128": 0.02,
            "seq_len=256": 0.0,
            "seq_len=512": 0.0,
            "seq_len=1024": 0.02
        },
        "clfa": {
            "seq_len=64": 0.0,
            "seq_len=128": 0.0,
            "seq_len=256": 0.04,
            "seq_len=512": 0.02,
            "seq_len=1024": 0.0
        },
        "fod_mean": {
            "seq_len=64": 0.0,
            "seq_len=128": 0.0,
            "seq_len=256": 0.0,
            "seq_len=512": 0.0,
            "seq_len=1024": 0.0
        },
        "fod_abs_mean": {
            "seq_len=64": 0.0,
            "seq_len=128": 0.0,
            "seq_len=256": 0.04,
            "seq_len=512": 0.02,
            "seq_len=1024": 0.0
        },
        "ema_iqr_0.1": {
            "seq_len=64": 0.0,
            "seq_len=128": 0.0,
            "seq_len=256": 0.0,
            "seq_len=512": 0.0,
            "seq_len=1024": 0.04
        },
        "ema_iqr_0.5": {
            "seq_len=64": 0.0,
            "seq_len=128": 0.0,
            "seq_len=256": 0.0,
            "seq_len=512": 0.0,
            "seq_len=1024": 0.04
        },
        "ema_slope_0.1": {
            "seq_len=64": 0.0,
            "seq_len=128": 0.02,
            "seq_len=256": 0.0,
            "seq_len=512": 0.0,
            "seq_len=1024": 0.02
        },
        "ema_slope_0.5": {
            "seq_len=64": 0.0,
            "seq_len=128": 0.02,
            "seq_len=256": 0.0,
            "seq_len=512": 0.0,
            "seq_len=1024": 0.02
        }
    }
}