{
    "AUC": {
        "loss": {
            "seq_len=64": 0.4332,
            "seq_len=128": 0.467,
            "seq_len=256": 0.5568000000000001,
            "seq_len=512": 0.5092,
            "seq_len=1024": 0.4914
        },
        "minkprob": {
            "seq_len=64": 0.45680000000000004,
            "seq_len=128": 0.48019999999999996,
            "seq_len=256": 0.5838,
            "seq_len=512": 0.5753999999999999,
            "seq_len=1024": 0.5242
        },
        "ratio": {
            "seq_len=64": 0.486,
            "seq_len=128": 0.4140000000000001,
            "seq_len=256": 0.46199999999999997,
            "seq_len=512": 0.46799999999999997,
            "seq_len=1024": 0.48
        },
        "ltiqr": {
            "seq_len=64": 0.6116,
            "seq_len=128": 0.5834,
            "seq_len=256": 0.5098,
            "seq_len=512": 0.5242,
            "seq_len=1024": 0.5654
        },
        "ltmean": {
            "seq_len=64": 0.4316,
            "seq_len=128": 0.45799999999999996,
            "seq_len=256": 0.5568000000000001,
            "seq_len=512": 0.5052000000000001,
            "seq_len=1024": 0.4892
        },
        "ltslope": {
            "seq_len=64": 0.506,
            "seq_len=128": 0.5796,
            "seq_len=256": 0.4844,
            "seq_len=512": 0.5319999999999999,
            "seq_len=1024": 0.5096
        },
        "clfa": {
            "seq_len=64": 0.5144000000000001,
            "seq_len=128": 0.5272,
            "seq_len=256": 0.5464,
            "seq_len=512": 0.62,
            "seq_len=1024": 0.5867999999999999
        },
        "fod_mean": {
            "seq_len=64": 0.43320000000000003,
            "seq_len=128": 0.4698,
            "seq_len=256": 0.5681999999999999,
            "seq_len=512": 0.5062,
            "seq_len=1024": 0.5076
        },
        "fod_abs_mean": {
            "seq_len=64": 0.5144000000000001,
            "seq_len=128": 0.5272,
            "seq_len=256": 0.5464,
            "seq_len=512": 0.62,
            "seq_len=1024": 0.5867999999999999
        },
        "ema_iqr_0.1": {
            "seq_len=64": 0.61,
            "seq_len=128": 0.582,
            "seq_len=256": 0.5072000000000001,
            "seq_len=512": 0.5188,
            "seq_len=1024": 0.5624
        },
        "ema_iqr_0.5": {
            "seq_len=64": 0.6108,
            "seq_len=128": 0.5704,
            "seq_len=256": 0.496,
            "seq_len=512": 0.5212000000000001,
            "seq_len=1024": 0.5632000000000001
        },
        "ema_slope_0.1": {
            "seq_len=64": 0.5072,
            "seq_len=128": 0.578,
            "seq_len=256": 0.4848,
            "seq_len=512": 0.5327999999999999,
            "seq_len=1024": 0.5116
        },
        "ema_slope_0.5": {
            "seq_len=64": 0.496,
            "seq_len=128": 0.5708,
            "seq_len=256": 0.5004,
            "seq_len=512": 0.5364,
            "seq_len=1024": 0.5156000000000001
        }
    },
    "TPR": {
        "loss": {
            "seq_len=64": 0.0,
            "seq_len=128": 0.02,
            "seq_len=256": 0.0,
            "seq_len=512": 0.0,
            "seq_len=1024": 0.02
        },
        "minkprob": {
            "seq_len=64": 0.0,
            "seq_len=128": 0.04,
            "seq_len=256": 0.0,
            "seq_len=512": 0.0,
            "seq_len=1024": 0.02
        },
        "ratio": {
            "seq_len=64": 0.0,
            "seq_len=128": 0.0,
            "seq_len=256": 0.0,
            "seq_len=512": 0.0,
            "seq_len=1024": 0.02
        },
        "ltiqr": {
            "seq_len=64": 0.0,
            "seq_len=128": 0.0,
            "seq_len=256": 0.04,
            "seq_len=512": 0.0,
            "seq_len=1024": 0.0
        },
        "ltmean": {
            "seq_len=64": 0.0,
            "seq_len=128": 0.02,
            "seq_len=256": 0.0,
            "seq_len=512": 0.0,
            "seq_len=1024": 0.02
        },
        "ltslope": {
            "seq_len=64": 0.0,
            "seq_len=128": 0.02,
            "seq_len=256": 0.02,
            "seq_len=512": 0.0,
            "seq_len=1024": 0.0
        },
        "clfa": {
            "seq_len=64": 0.02,
            "seq_len=128": 0.1,
            "seq_len=256": 0.0,
            "seq_len=512": 0.0,
            "seq_len=1024": 0.0
        },
        "fod_mean": {
            "seq_len=64": 0.0,
            "seq_len=128": 0.02,
            "seq_len=256": 0.02,
            "seq_len=512": 0.0,
            "seq_len=1024": 0.02
        },
        "fod_abs_mean": {
            "seq_len=64": 0.02,
            "seq_len=128": 0.1,
            "seq_len=256": 0.0,
            "seq_len=512": 0.0,
            "seq_len=1024": 0.0
        },
        "ema_iqr_0.1": {
            "seq_len=64": 0.0,
            "seq_len=128": 0.0,
            "seq_len=256": 0.04,
            "seq_len=512": 0.0,
            "seq_len=1024": 0.0
        },
        "ema_iqr_0.5": {
            "seq_len=64": 0.0,
            "seq_len=128": 0.0,
            "seq_len=256": 0.04,
            "seq_len=512": 0.0,
            "seq_len=1024": 0.0
        },
        "ema_slope_0.1": {
            "seq_len=64": 0.0,
            "seq_len=128": 0.02,
            "seq_len=256": 0.04,
            "seq_len=512": 0.0,
            "seq_len=1024": 0.0
        },
        "ema_slope_0.5": {
            "seq_len=64": 0.02,
            "seq_len=128": 0.02,
            "seq_len=256": 0.04,
            "seq_len=512": 0.0,
            "seq_len=1024": 0.0
        }
    }
}