{
    "AUC": {
        "loss": {
            "seq_len=64": 0.5084265,
            "seq_len=128": 0.5206675,
            "seq_len=256": 0.501909,
            "seq_len=512": 0.4954765,
            "seq_len=1024": 0.4910135,
            "seq_len=2048": 0.49671299999999996
        },
        "minkprob": {
            "seq_len=64": 0.5147695,
            "seq_len=128": 0.5260795,
            "seq_len=256": 0.5011565,
            "seq_len=512": 0.4963294999999999,
            "seq_len=1024": 0.49026600000000004,
            "seq_len=2048": 0.496579
        },
        "ratio": {
            "seq_len=64": 0.4915405,
            "seq_len=128": 0.493057,
            "seq_len=256": 0.4946545,
            "seq_len=512": 0.4972425,
            "seq_len=1024": 0.49371950000000003,
            "seq_len=2048": 0.500161
        },
        "ltiqr": {
            "seq_len=64": 0.48979249999999996,
            "seq_len=128": 0.49518650000000003,
            "seq_len=256": 0.49796300000000004,
            "seq_len=512": 0.5070015,
            "seq_len=1024": 0.5087095,
            "seq_len=2048": 0.5040965000000001
        },
        "ltmean": {
            "seq_len=64": 0.5102690000000001,
            "seq_len=128": 0.521583,
            "seq_len=256": 0.5074135,
            "seq_len=512": 0.496753,
            "seq_len=1024": 0.49134600000000006,
            "seq_len=2048": 0.49806599999999995
        },
        "ltslope": {
            "seq_len=64": 0.48807150000000005,
            "seq_len=128": 0.4941585,
            "seq_len=256": 0.49505450000000006,
            "seq_len=512": 0.504781,
            "seq_len=1024": 0.500489,
            "seq_len=2048": 0.500946
        },
        "clfa": {
            "seq_len=64": 0.49442549999999996,
            "seq_len=128": 0.5021845,
            "seq_len=256": 0.506753,
            "seq_len=512": 0.5043025,
            "seq_len=1024": 0.5032719999999999,
            "seq_len=2048": 0.5069955
        },
        "fod_mean": {
            "seq_len=64": 0.5118064999999999,
            "seq_len=128": 0.51825,
            "seq_len=256": 0.503741,
            "seq_len=512": 0.500112,
            "seq_len=1024": 0.494709,
            "seq_len=2048": 0.5023805
        },
        "fod_abs_mean": {
            "seq_len=64": 0.49442549999999996,
            "seq_len=128": 0.5021845,
            "seq_len=256": 0.506753,
            "seq_len=512": 0.5043025,
            "seq_len=1024": 0.5032719999999999,
            "seq_len=2048": 0.5069955
        },
        "ema_iqr_0.1": {
            "seq_len=64": 0.4902425,
            "seq_len=128": 0.49519150000000006,
            "seq_len=256": 0.49764049999999993,
            "seq_len=512": 0.506644,
            "seq_len=1024": 0.508787,
            "seq_len=2048": 0.504191
        },
        "ema_iqr_0.5": {
            "seq_len=64": 0.4883865,
            "seq_len=128": 0.49546549999999995,
            "seq_len=256": 0.49791349999999995,
            "seq_len=512": 0.5067630000000001,
            "seq_len=1024": 0.5076499999999999,
            "seq_len=2048": 0.5030429999999999
        },
        "ema_slope_0.1": {
            "seq_len=64": 0.48828249999999995,
            "seq_len=128": 0.49439550000000004,
            "seq_len=256": 0.49509249999999994,
            "seq_len=512": 0.5048,
            "seq_len=1024": 0.500464,
            "seq_len=2048": 0.5009699999999999
        },
        "ema_slope_0.5": {
            "seq_len=64": 0.4892945,
            "seq_len=128": 0.49625150000000007,
            "seq_len=256": 0.49618150000000005,
            "seq_len=512": 0.5053869999999999,
            "seq_len=1024": 0.500614,
            "seq_len=2048": 0.501151
        }
    },
    "TPR": {
        "loss": {
            "seq_len=64": 0.007,
            "seq_len=128": 0.01,
            "seq_len=256": 0.005,
            "seq_len=512": 0.016,
            "seq_len=1024": 0.013,
            "seq_len=2048": 0.011
        },
        "minkprob": {
            "seq_len=64": 0.009,
            "seq_len=128": 0.013,
            "seq_len=256": 0.01,
            "seq_len=512": 0.018,
            "seq_len=1024": 0.007,
            "seq_len=2048": 0.011
        },
        "ratio": {
            "seq_len=64": 0.008,
            "seq_len=128": 0.006,
            "seq_len=256": 0.008,
            "seq_len=512": 0.011,
            "seq_len=1024": 0.013,
            "seq_len=2048": 0.009
        },
        "ltiqr": {
            "seq_len=64": 0.012,
            "seq_len=128": 0.004,
            "seq_len=256": 0.012,
            "seq_len=512": 0.014,
            "seq_len=1024": 0.017,
            "seq_len=2048": 0.011
        },
        "ltmean": {
            "seq_len=64": 0.008,
            "seq_len=128": 0.012,
            "seq_len=256": 0.003,
            "seq_len=512": 0.008,
            "seq_len=1024": 0.01,
            "seq_len=2048": 0.014
        },
        "ltslope": {
            "seq_len=64": 0.008,
            "seq_len=128": 0.005,
            "seq_len=256": 0.004,
            "seq_len=512": 0.007,
            "seq_len=1024": 0.013,
            "seq_len=2048": 0.015
        },
        "clfa": {
            "seq_len=64": 0.012,
            "seq_len=128": 0.006,
            "seq_len=256": 0.005,
            "seq_len=512": 0.008,
            "seq_len=1024": 0.007,
            "seq_len=2048": 0.005
        },
        "fod_mean": {
            "seq_len=64": 0.018,
            "seq_len=128": 0.007,
            "seq_len=256": 0.007,
            "seq_len=512": 0.009,
            "seq_len=1024": 0.012,
            "seq_len=2048": 0.008
        },
        "fod_abs_mean": {
            "seq_len=64": 0.012,
            "seq_len=128": 0.006,
            "seq_len=256": 0.005,
            "seq_len=512": 0.008,
            "seq_len=1024": 0.007,
            "seq_len=2048": 0.005
        },
        "ema_iqr_0.1": {
            "seq_len=64": 0.011,
            "seq_len=128": 0.004,
            "seq_len=256": 0.012,
            "seq_len=512": 0.014,
            "seq_len=1024": 0.017,
            "seq_len=2048": 0.01
        },
        "ema_iqr_0.5": {
            "seq_len=64": 0.011,
            "seq_len=128": 0.004,
            "seq_len=256": 0.014,
            "seq_len=512": 0.013,
            "seq_len=1024": 0.015,
            "seq_len=2048": 0.011
        },
        "ema_slope_0.1": {
            "seq_len=64": 0.008,
            "seq_len=128": 0.005,
            "seq_len=256": 0.003,
            "seq_len=512": 0.007,
            "seq_len=1024": 0.013,
            "seq_len=2048": 0.015
        },
        "ema_slope_0.5": {
            "seq_len=64": 0.008,
            "seq_len=128": 0.005,
            "seq_len=256": 0.003,
            "seq_len=512": 0.007,
            "seq_len=1024": 0.015,
            "seq_len=2048": 0.015
        }
    }
}