{
    "AUC": {
        "loss": {
            "seq_len=64": 0.5171195,
            "seq_len=128": 0.5265605,
            "seq_len=256": 0.5187995,
            "seq_len=512": 0.525668,
            "seq_len=1024": 0.5158275,
            "seq_len=2048": 0.5160425000000001
        },
        "minkprob": {
            "seq_len=64": 0.5104675,
            "seq_len=128": 0.5175879999999999,
            "seq_len=256": 0.5214215,
            "seq_len=512": 0.51772,
            "seq_len=1024": 0.5162895000000001,
            "seq_len=2048": 0.5179674999999999
        },
        "ratio": {
            "seq_len=64": 0.5042844999999999,
            "seq_len=128": 0.517941,
            "seq_len=256": 0.5300050000000001,
            "seq_len=512": 0.541615,
            "seq_len=1024": 0.5360429999999999,
            "seq_len=2048": 0.528349
        },
        "ltiqr": {
            "seq_len=64": 0.49954999999999994,
            "seq_len=128": 0.5264075,
            "seq_len=256": 0.548048,
            "seq_len=512": 0.5499315,
            "seq_len=1024": 0.5554145,
            "seq_len=2048": 0.558535
        },
        "ltmean": {
            "seq_len=64": 0.516334,
            "seq_len=128": 0.5231975,
            "seq_len=256": 0.513003,
            "seq_len=512": 0.520366,
            "seq_len=1024": 0.510699,
            "seq_len=2048": 0.512244
        },
        "ltslope": {
            "seq_len=64": 0.5069104999999999,
            "seq_len=128": 0.5353545,
            "seq_len=256": 0.549831,
            "seq_len=512": 0.5472745,
            "seq_len=1024": 0.5536110000000001,
            "seq_len=2048": 0.5491965
        },
        "clfa": {
            "seq_len=64": 0.5333635,
            "seq_len=128": 0.53873,
            "seq_len=256": 0.54284,
            "seq_len=512": 0.5546800000000001,
            "seq_len=1024": 0.557862,
            "seq_len=2048": 0.560981
        },
        "fod_mean": {
            "seq_len=64": 0.519485,
            "seq_len=128": 0.525256,
            "seq_len=256": 0.514818,
            "seq_len=512": 0.5211725,
            "seq_len=1024": 0.5133380000000001,
            "seq_len=2048": 0.5159975
        },
        "fod_abs_mean": {
            "seq_len=64": 0.5333635,
            "seq_len=128": 0.53873,
            "seq_len=256": 0.54284,
            "seq_len=512": 0.5546800000000001,
            "seq_len=1024": 0.557862,
            "seq_len=2048": 0.560981
        },
        "ema_iqr_0.1": {
            "seq_len=64": 0.4991405,
            "seq_len=128": 0.5265989999999999,
            "seq_len=256": 0.547079,
            "seq_len=512": 0.5489299999999999,
            "seq_len=1024": 0.5550980000000001,
            "seq_len=2048": 0.5586329999999999
        },
        "ema_iqr_0.5": {
            "seq_len=64": 0.4961475,
            "seq_len=128": 0.522235,
            "seq_len=256": 0.542713,
            "seq_len=512": 0.545304,
            "seq_len=1024": 0.553013,
            "seq_len=2048": 0.557097
        },
        "ema_slope_0.1": {
            "seq_len=64": 0.5070754999999999,
            "seq_len=128": 0.5354249999999999,
            "seq_len=256": 0.5497879999999999,
            "seq_len=512": 0.5473319999999999,
            "seq_len=1024": 0.55369,
            "seq_len=2048": 0.549446
        },
        "ema_slope_0.5": {
            "seq_len=64": 0.5082445,
            "seq_len=128": 0.53482,
            "seq_len=256": 0.549524,
            "seq_len=512": 0.548157,
            "seq_len=1024": 0.553769,
            "seq_len=2048": 0.550891
        }
    },
    "TPR": {
        "loss": {
            "seq_len=64": 0.014,
            "seq_len=128": 0.023,
            "seq_len=256": 0.014,
            "seq_len=512": 0.009,
            "seq_len=1024": 0.009,
            "seq_len=2048": 0.007
        },
        "minkprob": {
            "seq_len=64": 0.013,
            "seq_len=128": 0.022,
            "seq_len=256": 0.015,
            "seq_len=512": 0.008,
            "seq_len=1024": 0.007,
            "seq_len=2048": 0.006
        },
        "ratio": {
            "seq_len=64": 0.015,
            "seq_len=128": 0.024,
            "seq_len=256": 0.016,
            "seq_len=512": 0.016,
            "seq_len=1024": 0.012,
            "seq_len=2048": 0.006
        },
        "ltiqr": {
            "seq_len=64": 0.01,
            "seq_len=128": 0.013,
            "seq_len=256": 0.01,
            "seq_len=512": 0.011,
            "seq_len=1024": 0.017,
            "seq_len=2048": 0.009
        },
        "ltmean": {
            "seq_len=64": 0.014,
            "seq_len=128": 0.021,
            "seq_len=256": 0.012,
            "seq_len=512": 0.01,
            "seq_len=1024": 0.008,
            "seq_len=2048": 0.008
        },
        "ltslope": {
            "seq_len=64": 0.009,
            "seq_len=128": 0.014,
            "seq_len=256": 0.013,
            "seq_len=512": 0.015,
            "seq_len=1024": 0.016,
            "seq_len=2048": 0.004
        },
        "clfa": {
            "seq_len=64": 0.009,
            "seq_len=128": 0.008,
            "seq_len=256": 0.014,
            "seq_len=512": 0.018,
            "seq_len=1024": 0.015,
            "seq_len=2048": 0.009
        },
        "fod_mean": {
            "seq_len=64": 0.016,
            "seq_len=128": 0.015,
            "seq_len=256": 0.013,
            "seq_len=512": 0.007,
            "seq_len=1024": 0.008,
            "seq_len=2048": 0.006
        },
        "fod_abs_mean": {
            "seq_len=64": 0.009,
            "seq_len=128": 0.008,
            "seq_len=256": 0.014,
            "seq_len=512": 0.018,
            "seq_len=1024": 0.015,
            "seq_len=2048": 0.009
        },
        "ema_iqr_0.1": {
            "seq_len=64": 0.01,
            "seq_len=128": 0.014,
            "seq_len=256": 0.01,
            "seq_len=512": 0.011,
            "seq_len=1024": 0.016,
            "seq_len=2048": 0.009
        },
        "ema_iqr_0.5": {
            "seq_len=64": 0.01,
            "seq_len=128": 0.011,
            "seq_len=256": 0.011,
            "seq_len=512": 0.011,
            "seq_len=1024": 0.017,
            "seq_len=2048": 0.01
        },
        "ema_slope_0.1": {
            "seq_len=64": 0.009,
            "seq_len=128": 0.014,
            "seq_len=256": 0.013,
            "seq_len=512": 0.015,
            "seq_len=1024": 0.016,
            "seq_len=2048": 0.004
        },
        "ema_slope_0.5": {
            "seq_len=64": 0.009,
            "seq_len=128": 0.012,
            "seq_len=256": 0.014,
            "seq_len=512": 0.015,
            "seq_len=1024": 0.014,
            "seq_len=2048": 0.005
        }
    }
}