{
    "AUC": {
        "loss": {
            "seq_len=64": 0.5275234999999999,
            "seq_len=128": 0.541154,
            "seq_len=256": 0.55612,
            "seq_len=512": 0.55907,
            "seq_len=1024": 0.562751,
            "seq_len=2048": 0.55004
        },
        "minkprob": {
            "seq_len=64": 0.522443,
            "seq_len=128": 0.5416505,
            "seq_len=256": 0.5565455,
            "seq_len=512": 0.5575795,
            "seq_len=1024": 0.56289,
            "seq_len=2048": 0.5551455000000001
        },
        "ratio": {
            "seq_len=64": 0.538551,
            "seq_len=128": 0.553833,
            "seq_len=256": 0.574028,
            "seq_len=512": 0.5946775,
            "seq_len=1024": 0.5986579999999999,
            "seq_len=2048": 0.6055375
        },
        "ltiqr": {
            "seq_len=64": 0.5852904999999999,
            "seq_len=128": 0.613466,
            "seq_len=256": 0.6247274999999999,
            "seq_len=512": 0.636757,
            "seq_len=1024": 0.642468,
            "seq_len=2048": 0.6502905
        },
        "ltmean": {
            "seq_len=64": 0.5151365,
            "seq_len=128": 0.5259305,
            "seq_len=256": 0.5384325,
            "seq_len=512": 0.5420415,
            "seq_len=1024": 0.5452779999999999,
            "seq_len=2048": 0.5316865
        },
        "ltslope": {
            "seq_len=64": 0.575831,
            "seq_len=128": 0.596577,
            "seq_len=256": 0.613041,
            "seq_len=512": 0.6285755,
            "seq_len=1024": 0.6372774999999999,
            "seq_len=2048": 0.6447155
        },
        "clfa": {
            "seq_len=64": 0.5378700000000001,
            "seq_len=128": 0.5747059999999999,
            "seq_len=256": 0.6355095,
            "seq_len=512": 0.6715789999999999,
            "seq_len=1024": 0.6941345,
            "seq_len=2048": 0.7012
        },
        "fod_mean": {
            "seq_len=64": 0.527926,
            "seq_len=128": 0.532475,
            "seq_len=256": 0.5530375,
            "seq_len=512": 0.5575515,
            "seq_len=1024": 0.559661,
            "seq_len=2048": 0.5473565
        },
        "fod_abs_mean": {
            "seq_len=64": 0.5378700000000001,
            "seq_len=128": 0.5747059999999999,
            "seq_len=256": 0.6355095,
            "seq_len=512": 0.6715789999999999,
            "seq_len=1024": 0.6941345,
            "seq_len=2048": 0.7012
        },
        "ema_iqr_0.1": {
            "seq_len=64": 0.584512,
            "seq_len=128": 0.6121949999999999,
            "seq_len=256": 0.623119,
            "seq_len=512": 0.635614,
            "seq_len=1024": 0.640681,
            "seq_len=2048": 0.650189
        },
        "ema_iqr_0.5": {
            "seq_len=64": 0.582964,
            "seq_len=128": 0.608228,
            "seq_len=256": 0.618956,
            "seq_len=512": 0.629928,
            "seq_len=1024": 0.635231,
            "seq_len=2048": 0.646741
        },
        "ema_slope_0.1": {
            "seq_len=64": 0.575822,
            "seq_len=128": 0.596339,
            "seq_len=256": 0.6130439999999999,
            "seq_len=512": 0.628544,
            "seq_len=1024": 0.6373599999999999,
            "seq_len=2048": 0.644704
        },
        "ema_slope_0.5": {
            "seq_len=64": 0.575449,
            "seq_len=128": 0.595186,
            "seq_len=256": 0.612706,
            "seq_len=512": 0.628546,
            "seq_len=1024": 0.637526,
            "seq_len=2048": 0.644544
        }
    },
    "TPR": {
        "loss": {
            "seq_len=64": 0.017,
            "seq_len=128": 0.01,
            "seq_len=256": 0.014,
            "seq_len=512": 0.017,
            "seq_len=1024": 0.013,
            "seq_len=2048": 0.013
        },
        "minkprob": {
            "seq_len=64": 0.012,
            "seq_len=128": 0.007,
            "seq_len=256": 0.012,
            "seq_len=512": 0.018,
            "seq_len=1024": 0.015,
            "seq_len=2048": 0.013
        },
        "ratio": {
            "seq_len=64": 0.019,
            "seq_len=128": 0.021,
            "seq_len=256": 0.018,
            "seq_len=512": 0.016,
            "seq_len=1024": 0.015,
            "seq_len=2048": 0.021
        },
        "ltiqr": {
            "seq_len=64": 0.017,
            "seq_len=128": 0.02,
            "seq_len=256": 0.022,
            "seq_len=512": 0.021,
            "seq_len=1024": 0.021,
            "seq_len=2048": 0.018
        },
        "ltmean": {
            "seq_len=64": 0.014,
            "seq_len=128": 0.005,
            "seq_len=256": 0.014,
            "seq_len=512": 0.015,
            "seq_len=1024": 0.012,
            "seq_len=2048": 0.014
        },
        "ltslope": {
            "seq_len=64": 0.02,
            "seq_len=128": 0.016,
            "seq_len=256": 0.017,
            "seq_len=512": 0.014,
            "seq_len=1024": 0.01,
            "seq_len=2048": 0.015
        },
        "clfa": {
            "seq_len=64": 0.007,
            "seq_len=128": 0.013,
            "seq_len=256": 0.013,
            "seq_len=512": 0.022,
            "seq_len=1024": 0.014,
            "seq_len=2048": 0.024
        },
        "fod_mean": {
            "seq_len=64": 0.013,
            "seq_len=128": 0.01,
            "seq_len=256": 0.017,
            "seq_len=512": 0.021,
            "seq_len=1024": 0.015,
            "seq_len=2048": 0.019
        },
        "fod_abs_mean": {
            "seq_len=64": 0.007,
            "seq_len=128": 0.013,
            "seq_len=256": 0.013,
            "seq_len=512": 0.022,
            "seq_len=1024": 0.014,
            "seq_len=2048": 0.024
        },
        "ema_iqr_0.1": {
            "seq_len=64": 0.017,
            "seq_len=128": 0.024,
            "seq_len=256": 0.021,
            "seq_len=512": 0.021,
            "seq_len=1024": 0.02,
            "seq_len=2048": 0.016
        },
        "ema_iqr_0.5": {
            "seq_len=64": 0.018,
            "seq_len=128": 0.018,
            "seq_len=256": 0.017,
            "seq_len=512": 0.021,
            "seq_len=1024": 0.019,
            "seq_len=2048": 0.017
        },
        "ema_slope_0.1": {
            "seq_len=64": 0.02,
            "seq_len=128": 0.016,
            "seq_len=256": 0.016,
            "seq_len=512": 0.014,
            "seq_len=1024": 0.01,
            "seq_len=2048": 0.015
        },
        "ema_slope_0.5": {
            "seq_len=64": 0.019,
            "seq_len=128": 0.016,
            "seq_len=256": 0.014,
            "seq_len=512": 0.013,
            "seq_len=1024": 0.01,
            "seq_len=2048": 0.014
        }
    }
}