{
    "AUC": {
        "clfa": {
            "seq_len=64": 0.48273449999999996,
            "seq_len=128": 0.4864765,
            "seq_len=256": 0.48996399999999996,
            "seq_len=512": 0.5045865,
            "seq_len=1024": 0.5027435,
            "seq_len=2048": 0.5062979999999999
        },
        "s2conv": {
            "seq_len=64": 0.5089865,
            "seq_len=128": 0.5119885,
            "seq_len=256": 0.505207,
            "seq_len=512": 0.5217645000000001,
            "seq_len=1024": 0.5296295,
            "seq_len=2048": 0.5265050000000001
        },
        "ltiqr": {
            "seq_len=64": 0.488564,
            "seq_len=128": 0.4917975,
            "seq_len=256": 0.496728,
            "seq_len=512": 0.5065975,
            "seq_len=1024": 0.5011455,
            "seq_len=2048": 0.5031389999999999
        },
        "ltmean": {
            "seq_len=64": 0.492923,
            "seq_len=128": 0.485244,
            "seq_len=256": 0.488831,
            "seq_len=512": 0.49531549999999996,
            "seq_len=1024": 0.4902595,
            "seq_len=2048": 0.49142149999999996
        },
        "ltslope": {
            "seq_len=64": 0.493486,
            "seq_len=128": 0.48956900000000003,
            "seq_len=256": 0.49276400000000004,
            "seq_len=512": 0.49851449999999997,
            "seq_len=1024": 0.49314949999999996,
            "seq_len=2048": 0.49346049999999997
        }
    },
    "TPR": {
        "clfa": {
            "seq_len=64": 0.012,
            "seq_len=128": 0.01,
            "seq_len=256": 0.007,
            "seq_len=512": 0.013,
            "seq_len=1024": 0.007,
            "seq_len=2048": 0.003
        },
        "s2conv": {
            "seq_len=64": 0.014818181818181819,
            "seq_len=128": 0.012111111111111112,
            "seq_len=256": 0.010111111111111112,
            "seq_len=512": 0.013,
            "seq_len=1024": 0.01,
            "seq_len=2048": 0.01225
        },
        "ltiqr": {
            "seq_len=64": 0.009,
            "seq_len=128": 0.006,
            "seq_len=256": 0.005,
            "seq_len=512": 0.009,
            "seq_len=1024": 0.009,
            "seq_len=2048": 0.008
        },
        "ltmean": {
            "seq_len=64": 0.014,
            "seq_len=128": 0.009,
            "seq_len=256": 0.006,
            "seq_len=512": 0.015,
            "seq_len=1024": 0.01,
            "seq_len=2048": 0.011
        },
        "ltslope": {
            "seq_len=64": 0.007,
            "seq_len=128": 0.007,
            "seq_len=256": 0.005,
            "seq_len=512": 0.011,
            "seq_len=1024": 0.007,
            "seq_len=2048": 0.008
        }
    }
}