{
    "AUC": {
        "clfa": {
            "seq_len=64": 0.5033115,
            "seq_len=128": 0.5108090000000001,
            "seq_len=256": 0.5365315,
            "seq_len=512": 0.539139,
            "seq_len=1024": 0.559357,
            "seq_len=2048": 0.5889285
        },
        "s2conv": {
            "seq_len=64": 0.5033930000000001,
            "seq_len=128": 0.510752,
            "seq_len=256": 0.5137539999999999,
            "seq_len=512": 0.5378769999999999,
            "seq_len=1024": 0.5706005000000001,
            "seq_len=2048": 0.551235
        },
        "ltiqr": {
            "seq_len=64": 0.5083934999999999,
            "seq_len=128": 0.521689,
            "seq_len=256": 0.5382119999999999,
            "seq_len=512": 0.5197435,
            "seq_len=1024": 0.5249675,
            "seq_len=2048": 0.5141789999999999
        },
        "ltmean": {
            "seq_len=64": 0.5129895,
            "seq_len=128": 0.527795,
            "seq_len=256": 0.535355,
            "seq_len=512": 0.5149729999999999,
            "seq_len=1024": 0.514756,
            "seq_len=2048": 0.509895
        },
        "ltslope": {
            "seq_len=64": 0.5151495,
            "seq_len=128": 0.526287,
            "seq_len=256": 0.532275,
            "seq_len=512": 0.5134470000000001,
            "seq_len=1024": 0.5198240000000001,
            "seq_len=2048": 0.5050020000000001
        }
    },
    "TPR": {
        "clfa": {
            "seq_len=64": 0.018,
            "seq_len=128": 0.014,
            "seq_len=256": 0.021,
            "seq_len=512": 0.024,
            "seq_len=1024": 0.015,
            "seq_len=2048": 0.007
        },
        "s2conv": {
            "seq_len=64": 0.005,
            "seq_len=128": 0.012333333333333333,
            "seq_len=256": 0.0185,
            "seq_len=512": 0.035,
            "seq_len=1024": 0.030000000000000002,
            "seq_len=2048": 0.038
        },
        "ltiqr": {
            "seq_len=64": 0.015,
            "seq_len=128": 0.017,
            "seq_len=256": 0.021,
            "seq_len=512": 0.018,
            "seq_len=1024": 0.016,
            "seq_len=2048": 0.015
        },
        "ltmean": {
            "seq_len=64": 0.012,
            "seq_len=128": 0.014,
            "seq_len=256": 0.021,
            "seq_len=512": 0.013,
            "seq_len=1024": 0.013,
            "seq_len=2048": 0.008
        },
        "ltslope": {
            "seq_len=64": 0.016,
            "seq_len=128": 0.014,
            "seq_len=256": 0.019,
            "seq_len=512": 0.018,
            "seq_len=1024": 0.01,
            "seq_len=2048": 0.005
        }
    }
}