{
    "AUC": {
        "clfa": {
            "seq_len=64": 0.48865650000000005,
            "seq_len=128": 0.5039715,
            "seq_len=256": 0.514606,
            "seq_len=512": 0.5510455,
            "seq_len=1024": 0.598669,
            "seq_len=2048": 0.6599185
        },
        "s2conv": {
            "seq_len=64": 0.49644950000000004,
            "seq_len=128": 0.480174,
            "seq_len=256": 0.5180039999999999,
            "seq_len=512": 0.5445319999999999,
            "seq_len=1024": 0.5604549999999999,
            "seq_len=2048": 0.5784834999999999
        },
        "ltiqr": {
            "seq_len=64": 0.502551,
            "seq_len=128": 0.5212125,
            "seq_len=256": 0.518817,
            "seq_len=512": 0.5296035,
            "seq_len=1024": 0.539961,
            "seq_len=2048": 0.5378164999999999
        },
        "ltmean": {
            "seq_len=64": 0.5132289999999999,
            "seq_len=128": 0.5254129999999999,
            "seq_len=256": 0.525015,
            "seq_len=512": 0.525306,
            "seq_len=1024": 0.527528,
            "seq_len=2048": 0.528133
        },
        "ltslope": {
            "seq_len=64": 0.507597,
            "seq_len=128": 0.522412,
            "seq_len=256": 0.52286,
            "seq_len=512": 0.526566,
            "seq_len=1024": 0.535563,
            "seq_len=2048": 0.5310509999999999
        }
    },
    "TPR": {
        "clfa": {
            "seq_len=64": 0.01925,
            "seq_len=128": 0.015,
            "seq_len=256": 0.009,
            "seq_len=512": 0.011,
            "seq_len=1024": 0.017,
            "seq_len=2048": 0.026
        },
        "s2conv": {
            "seq_len=64": 0.005500000000000001,
            "seq_len=128": 0.014,
            "seq_len=256": 0.020666666666666667,
            "seq_len=512": 0.049,
            "seq_len=1024": 0.121,
            "seq_len=2048": 0.163
        },
        "ltiqr": {
            "seq_len=64": 0.025,
            "seq_len=128": 0.019,
            "seq_len=256": 0.024,
            "seq_len=512": 0.028,
            "seq_len=1024": 0.037,
            "seq_len=2048": 0.025
        },
        "ltmean": {
            "seq_len=64": 0.017,
            "seq_len=128": 0.023,
            "seq_len=256": 0.032,
            "seq_len=512": 0.027,
            "seq_len=1024": 0.028,
            "seq_len=2048": 0.032
        },
        "ltslope": {
            "seq_len=64": 0.011,
            "seq_len=128": 0.019,
            "seq_len=256": 0.019,
            "seq_len=512": 0.02,
            "seq_len=1024": 0.023,
            "seq_len=2048": 0.022
        }
    }
}