{
    "AUC": {
        "clfa": {
            "seq_len=64": 0.483992,
            "seq_len=128": 0.504886,
            "seq_len=256": 0.5291410000000001,
            "seq_len=512": 0.5521484999999999,
            "seq_len=1024": 0.573195,
            "seq_len=2048": 0.5885910000000001
        },
        "s2conv": {
            "seq_len=64": 0.484364,
            "seq_len=128": 0.4964965,
            "seq_len=256": 0.515544,
            "seq_len=512": 0.5434080000000001,
            "seq_len=1024": 0.5625175000000001,
            "seq_len=2048": 0.570989
        },
        "ltiqr": {
            "seq_len=64": 0.5130595,
            "seq_len=128": 0.5117755,
            "seq_len=256": 0.5274995,
            "seq_len=512": 0.514715,
            "seq_len=1024": 0.5249754999999999,
            "seq_len=2048": 0.5390095
        },
        "ltmean": {
            "seq_len=64": 0.515775,
            "seq_len=128": 0.506594,
            "seq_len=256": 0.5123964999999999,
            "seq_len=512": 0.5001104999999999,
            "seq_len=1024": 0.514042,
            "seq_len=2048": 0.525363
        },
        "ltslope": {
            "seq_len=64": 0.505984,
            "seq_len=128": 0.507614,
            "seq_len=256": 0.5218665,
            "seq_len=512": 0.5074995,
            "seq_len=1024": 0.517756,
            "seq_len=2048": 0.528878
        }
    },
    "TPR": {
        "clfa": {
            "seq_len=64": 0.01,
            "seq_len=128": 0.014,
            "seq_len=256": 0.015,
            "seq_len=512": 0.014,
            "seq_len=1024": 0.011,
            "seq_len=2048": 0.015
        },
        "s2conv": {
            "seq_len=64": 0.013857142857142858,
            "seq_len=128": 0.011,
            "seq_len=256": 0.012,
            "seq_len=512": 0.008,
            "seq_len=1024": 0.012000000000000002,
            "seq_len=2048": 0.016
        },
        "ltiqr": {
            "seq_len=64": 0.007,
            "seq_len=128": 0.015,
            "seq_len=256": 0.013,
            "seq_len=512": 0.009,
            "seq_len=1024": 0.009,
            "seq_len=2048": 0.015
        },
        "ltmean": {
            "seq_len=64": 0.007,
            "seq_len=128": 0.014,
            "seq_len=256": 0.014,
            "seq_len=512": 0.01,
            "seq_len=1024": 0.007,
            "seq_len=2048": 0.013
        },
        "ltslope": {
            "seq_len=64": 0.009,
            "seq_len=128": 0.018,
            "seq_len=256": 0.012,
            "seq_len=512": 0.007,
            "seq_len=1024": 0.008,
            "seq_len=2048": 0.01
        }
    }
}