{
    "AUC": {
        "loss": {
            "seq_len=64": 0.5190155,
            "seq_len=128": 0.5213555,
            "seq_len=256": 0.5061184999999999,
            "seq_len=512": 0.5149520000000001,
            "seq_len=1024": 0.5042515,
            "seq_len=2048": 0.5071785000000001
        },
        "minkprob": {
            "seq_len=64": 0.513543,
            "seq_len=128": 0.5129060000000001,
            "seq_len=256": 0.5071325,
            "seq_len=512": 0.5016780000000001,
            "seq_len=1024": 0.5023485,
            "seq_len=2048": 0.504635
        },
        "ratio": {
            "seq_len=64": 0.5015295,
            "seq_len=128": 0.5031519999999999,
            "seq_len=256": 0.5042059999999999,
            "seq_len=512": 0.507343,
            "seq_len=1024": 0.49776699999999996,
            "seq_len=2048": 0.491068
        },
        "ltiqr": {
            "seq_len=64": 0.512369,
            "seq_len=128": 0.52593,
            "seq_len=256": 0.539194,
            "seq_len=512": 0.523759,
            "seq_len=1024": 0.5292899999999999,
            "seq_len=2048": 0.516633
        },
        "ltmean": {
            "seq_len=64": 0.51794,
            "seq_len=128": 0.5190604999999999,
            "seq_len=256": 0.502682,
            "seq_len=512": 0.5130425000000001,
            "seq_len=1024": 0.50328,
            "seq_len=2048": 0.50598
        },
        "ltslope": {
            "seq_len=64": 0.5206649999999999,
            "seq_len=128": 0.5285150000000001,
            "seq_len=256": 0.533243,
            "seq_len=512": 0.521552,
            "seq_len=1024": 0.5255110000000001,
            "seq_len=2048": 0.5094084999999999
        },
        "clfa": {
            "seq_len=64": 0.525108,
            "seq_len=128": 0.5281125000000001,
            "seq_len=256": 0.533865,
            "seq_len=512": 0.5423479999999999,
            "seq_len=1024": 0.5365715,
            "seq_len=2048": 0.539799
        },
        "fod_mean": {
            "seq_len=64": 0.520767,
            "seq_len=128": 0.520466,
            "seq_len=256": 0.506747,
            "seq_len=512": 0.5147999999999999,
            "seq_len=1024": 0.5034320000000001,
            "seq_len=2048": 0.5078815
        },
        "fod_abs_mean": {
            "seq_len=64": 0.525108,
            "seq_len=128": 0.5281125000000001,
            "seq_len=256": 0.533865,
            "seq_len=512": 0.5423479999999999,
            "seq_len=1024": 0.5365715,
            "seq_len=2048": 0.539799
        },
        "ema_iqr_0.1": {
            "seq_len=64": 0.5132395,
            "seq_len=128": 0.524712,
            "seq_len=256": 0.538065,
            "seq_len=512": 0.5238700000000001,
            "seq_len=1024": 0.5296770000000001,
            "seq_len=2048": 0.516394
        },
        "ema_iqr_0.5": {
            "seq_len=64": 0.5116645,
            "seq_len=128": 0.521614,
            "seq_len=256": 0.5381560000000001,
            "seq_len=512": 0.52221,
            "seq_len=1024": 0.529531,
            "seq_len=2048": 0.51668
        },
        "ema_slope_0.1": {
            "seq_len=64": 0.5209325,
            "seq_len=128": 0.528491,
            "seq_len=256": 0.5329999999999999,
            "seq_len=512": 0.5217529999999999,
            "seq_len=1024": 0.525887,
            "seq_len=2048": 0.509843
        },
        "ema_slope_0.5": {
            "seq_len=64": 0.5225335,
            "seq_len=128": 0.5281819999999999,
            "seq_len=256": 0.531581,
            "seq_len=512": 0.522962,
            "seq_len=1024": 0.5269619999999999,
            "seq_len=2048": 0.515328
        }
    },
    "TPR": {
        "loss": {
            "seq_len=64": 0.011,
            "seq_len=128": 0.018,
            "seq_len=256": 0.008,
            "seq_len=512": 0.007,
            "seq_len=1024": 0.007,
            "seq_len=2048": 0.007
        },
        "minkprob": {
            "seq_len=64": 0.015,
            "seq_len=128": 0.021,
            "seq_len=256": 0.01,
            "seq_len=512": 0.008,
            "seq_len=1024": 0.009,
            "seq_len=2048": 0.006
        },
        "ratio": {
            "seq_len=64": 0.02,
            "seq_len=128": 0.022,
            "seq_len=256": 0.014,
            "seq_len=512": 0.014,
            "seq_len=1024": 0.009,
            "seq_len=2048": 0.009
        },
        "ltiqr": {
            "seq_len=64": 0.017,
            "seq_len=128": 0.019,
            "seq_len=256": 0.022,
            "seq_len=512": 0.018,
            "seq_len=1024": 0.01,
            "seq_len=2048": 0.008
        },
        "ltmean": {
            "seq_len=64": 0.013,
            "seq_len=128": 0.014,
            "seq_len=256": 0.009,
            "seq_len=512": 0.006,
            "seq_len=1024": 0.009,
            "seq_len=2048": 0.008
        },
        "ltslope": {
            "seq_len=64": 0.02,
            "seq_len=128": 0.017,
            "seq_len=256": 0.019,
            "seq_len=512": 0.02,
            "seq_len=1024": 0.005,
            "seq_len=2048": 0.004
        },
        "clfa": {
            "seq_len=64": 0.015,
            "seq_len=128": 0.018,
            "seq_len=256": 0.019,
            "seq_len=512": 0.019,
            "seq_len=1024": 0.008,
            "seq_len=2048": 0.005
        },
        "fod_mean": {
            "seq_len=64": 0.012,
            "seq_len=128": 0.014,
            "seq_len=256": 0.009,
            "seq_len=512": 0.007,
            "seq_len=1024": 0.007,
            "seq_len=2048": 0.009
        },
        "fod_abs_mean": {
            "seq_len=64": 0.015,
            "seq_len=128": 0.018,
            "seq_len=256": 0.019,
            "seq_len=512": 0.019,
            "seq_len=1024": 0.008,
            "seq_len=2048": 0.005
        },
        "ema_iqr_0.1": {
            "seq_len=64": 0.017,
            "seq_len=128": 0.019,
            "seq_len=256": 0.022,
            "seq_len=512": 0.02,
            "seq_len=1024": 0.011,
            "seq_len=2048": 0.008
        },
        "ema_iqr_0.5": {
            "seq_len=64": 0.016,
            "seq_len=128": 0.017,
            "seq_len=256": 0.021,
            "seq_len=512": 0.02,
            "seq_len=1024": 0.014,
            "seq_len=2048": 0.008
        },
        "ema_slope_0.1": {
            "seq_len=64": 0.02,
            "seq_len=128": 0.017,
            "seq_len=256": 0.019,
            "seq_len=512": 0.02,
            "seq_len=1024": 0.005,
            "seq_len=2048": 0.004
        },
        "ema_slope_0.5": {
            "seq_len=64": 0.018,
            "seq_len=128": 0.018,
            "seq_len=256": 0.02,
            "seq_len=512": 0.022,
            "seq_len=1024": 0.004,
            "seq_len=2048": 0.004
        }
    }
}