{
    "AUC": {
        "loss": {
            "seq_len=64": 0.5080709999999999,
            "seq_len=128": 0.5139155,
            "seq_len=256": 0.5152095,
            "seq_len=512": 0.5230485,
            "seq_len=1024": 0.522644,
            "seq_len=2048": 0.519995
        },
        "minkprob": {
            "seq_len=64": 0.5195345,
            "seq_len=128": 0.5211785,
            "seq_len=256": 0.525285,
            "seq_len=512": 0.533651,
            "seq_len=1024": 0.539403,
            "seq_len=2048": 0.5468185
        },
        "ratio": {
            "seq_len=64": 0.492935,
            "seq_len=128": 0.48768849999999997,
            "seq_len=256": 0.489696,
            "seq_len=512": 0.4968665,
            "seq_len=1024": 0.496244,
            "seq_len=2048": 0.5130505
        },
        "ltiqr": {
            "seq_len=64": 0.5054375,
            "seq_len=128": 0.5246715,
            "seq_len=256": 0.522978,
            "seq_len=512": 0.5344385,
            "seq_len=1024": 0.5458299999999999,
            "seq_len=2048": 0.545148
        },
        "ltmean": {
            "seq_len=64": 0.505673,
            "seq_len=128": 0.511371,
            "seq_len=256": 0.512673,
            "seq_len=512": 0.5199075,
            "seq_len=1024": 0.5199695,
            "seq_len=2048": 0.5177665
        },
        "ltslope": {
            "seq_len=64": 0.510972,
            "seq_len=128": 0.5276615,
            "seq_len=256": 0.530125,
            "seq_len=512": 0.5376605,
            "seq_len=1024": 0.549983,
            "seq_len=2048": 0.5499335000000001
        },
        "clfa": {
            "seq_len=64": 0.4951795,
            "seq_len=128": 0.522511,
            "seq_len=256": 0.5308075000000001,
            "seq_len=512": 0.5545265,
            "seq_len=1024": 0.5715184999999999,
            "seq_len=2048": 0.5795589999999999
        },
        "fod_mean": {
            "seq_len=64": 0.5077079999999999,
            "seq_len=128": 0.515809,
            "seq_len=256": 0.516049,
            "seq_len=512": 0.52287,
            "seq_len=1024": 0.5209585000000001,
            "seq_len=2048": 0.5191749999999999
        },
        "fod_abs_mean": {
            "seq_len=64": 0.4951795,
            "seq_len=128": 0.522511,
            "seq_len=256": 0.5308075000000001,
            "seq_len=512": 0.5545265,
            "seq_len=1024": 0.5715184999999999,
            "seq_len=2048": 0.5795589999999999
        },
        "ema_iqr_0.1": {
            "seq_len=64": 0.503965,
            "seq_len=128": 0.52365,
            "seq_len=256": 0.521829,
            "seq_len=512": 0.5346299999999999,
            "seq_len=1024": 0.544209,
            "seq_len=2048": 0.5453239999999999
        },
        "ema_iqr_0.5": {
            "seq_len=64": 0.5059149999999999,
            "seq_len=128": 0.522034,
            "seq_len=256": 0.521852,
            "seq_len=512": 0.53126,
            "seq_len=1024": 0.54315,
            "seq_len=2048": 0.543622
        },
        "ema_slope_0.1": {
            "seq_len=64": 0.511212,
            "seq_len=128": 0.527747,
            "seq_len=256": 0.530357,
            "seq_len=512": 0.5381549999999999,
            "seq_len=1024": 0.550389,
            "seq_len=2048": 0.5507949999999999
        },
        "ema_slope_0.5": {
            "seq_len=64": 0.512047,
            "seq_len=128": 0.5283059999999999,
            "seq_len=256": 0.531223,
            "seq_len=512": 0.540693,
            "seq_len=1024": 0.5535349999999999,
            "seq_len=2048": 0.556082
        }
    },
    "TPR": {
        "loss": {
            "seq_len=64": 0.009,
            "seq_len=128": 0.008,
            "seq_len=256": 0.004,
            "seq_len=512": 0.012,
            "seq_len=1024": 0.008,
            "seq_len=2048": 0.009
        },
        "minkprob": {
            "seq_len=64": 0.015,
            "seq_len=128": 0.007,
            "seq_len=256": 0.009,
            "seq_len=512": 0.014,
            "seq_len=1024": 0.01,
            "seq_len=2048": 0.013
        },
        "ratio": {
            "seq_len=64": 0.006,
            "seq_len=128": 0.009,
            "seq_len=256": 0.009,
            "seq_len=512": 0.008,
            "seq_len=1024": 0.009,
            "seq_len=2048": 0.009
        },
        "ltiqr": {
            "seq_len=64": 0.017,
            "seq_len=128": 0.016,
            "seq_len=256": 0.025,
            "seq_len=512": 0.024,
            "seq_len=1024": 0.042,
            "seq_len=2048": 0.026
        },
        "ltmean": {
            "seq_len=64": 0.006,
            "seq_len=128": 0.006,
            "seq_len=256": 0.007,
            "seq_len=512": 0.01,
            "seq_len=1024": 0.007,
            "seq_len=2048": 0.009
        },
        "ltslope": {
            "seq_len=64": 0.009,
            "seq_len=128": 0.017,
            "seq_len=256": 0.019,
            "seq_len=512": 0.021,
            "seq_len=1024": 0.027,
            "seq_len=2048": 0.021
        },
        "clfa": {
            "seq_len=64": 0.017,
            "seq_len=128": 0.013,
            "seq_len=256": 0.011,
            "seq_len=512": 0.015,
            "seq_len=1024": 0.011,
            "seq_len=2048": 0.01
        },
        "fod_mean": {
            "seq_len=64": 0.011,
            "seq_len=128": 0.01,
            "seq_len=256": 0.009,
            "seq_len=512": 0.013,
            "seq_len=1024": 0.009,
            "seq_len=2048": 0.007
        },
        "fod_abs_mean": {
            "seq_len=64": 0.017,
            "seq_len=128": 0.013,
            "seq_len=256": 0.011,
            "seq_len=512": 0.015,
            "seq_len=1024": 0.011,
            "seq_len=2048": 0.01
        },
        "ema_iqr_0.1": {
            "seq_len=64": 0.02,
            "seq_len=128": 0.016,
            "seq_len=256": 0.024,
            "seq_len=512": 0.026,
            "seq_len=1024": 0.042,
            "seq_len=2048": 0.028
        },
        "ema_iqr_0.5": {
            "seq_len=64": 0.017,
            "seq_len=128": 0.015,
            "seq_len=256": 0.018,
            "seq_len=512": 0.027,
            "seq_len=1024": 0.032,
            "seq_len=2048": 0.035
        },
        "ema_slope_0.1": {
            "seq_len=64": 0.009,
            "seq_len=128": 0.017,
            "seq_len=256": 0.019,
            "seq_len=512": 0.02,
            "seq_len=1024": 0.027,
            "seq_len=2048": 0.022
        },
        "ema_slope_0.5": {
            "seq_len=64": 0.01,
            "seq_len=128": 0.015,
            "seq_len=256": 0.019,
            "seq_len=512": 0.021,
            "seq_len=1024": 0.023,
            "seq_len=2048": 0.022
        }
    }
}