{
    "AUC": {
        "loss": {
            "seq_len=64": 0.5149565,
            "seq_len=128": 0.511017,
            "seq_len=256": 0.5082734999999999,
            "seq_len=512": 0.518577,
            "seq_len=1024": 0.5184915,
            "seq_len=2048": 0.5184495
        },
        "minkprob": {
            "seq_len=64": 0.515668,
            "seq_len=128": 0.5007065,
            "seq_len=256": 0.5135894999999999,
            "seq_len=512": 0.5248174999999999,
            "seq_len=1024": 0.528286,
            "seq_len=2048": 0.5225310000000001
        },
        "ratio": {
            "seq_len=64": 0.50737,
            "seq_len=128": 0.504423,
            "seq_len=256": 0.510929,
            "seq_len=512": 0.5092375,
            "seq_len=1024": 0.5225744999999999,
            "seq_len=2048": 0.5298514999999999
        },
        "ltiqr": {
            "seq_len=64": 0.5180075,
            "seq_len=128": 0.514019,
            "seq_len=256": 0.5298215,
            "seq_len=512": 0.518126,
            "seq_len=1024": 0.5297375,
            "seq_len=2048": 0.5448965
        },
        "ltmean": {
            "seq_len=64": 0.5146895,
            "seq_len=128": 0.5106934999999999,
            "seq_len=256": 0.5078935,
            "seq_len=512": 0.5206915,
            "seq_len=1024": 0.5183575,
            "seq_len=2048": 0.5178375000000001
        },
        "ltslope": {
            "seq_len=64": 0.51164,
            "seq_len=128": 0.515289,
            "seq_len=256": 0.5281475,
            "seq_len=512": 0.5190239999999999,
            "seq_len=1024": 0.5312494999999999,
            "seq_len=2048": 0.5455085000000001
        },
        "clfa": {
            "seq_len=64": 0.499611,
            "seq_len=128": 0.515886,
            "seq_len=256": 0.5347189999999999,
            "seq_len=512": 0.5503534999999999,
            "seq_len=1024": 0.5571185,
            "seq_len=2048": 0.554658
        },
        "fod_mean": {
            "seq_len=64": 0.5163605,
            "seq_len=128": 0.5114055,
            "seq_len=256": 0.5076195,
            "seq_len=512": 0.517748,
            "seq_len=1024": 0.517837,
            "seq_len=2048": 0.5175505
        },
        "fod_abs_mean": {
            "seq_len=64": 0.499611,
            "seq_len=128": 0.515886,
            "seq_len=256": 0.5347189999999999,
            "seq_len=512": 0.5503534999999999,
            "seq_len=1024": 0.5571185,
            "seq_len=2048": 0.554658
        },
        "ema_iqr_0.1": {
            "seq_len=64": 0.517899,
            "seq_len=128": 0.515297,
            "seq_len=256": 0.5302435,
            "seq_len=512": 0.5187545,
            "seq_len=1024": 0.530276,
            "seq_len=2048": 0.543955
        },
        "ema_iqr_0.5": {
            "seq_len=64": 0.5197999999999999,
            "seq_len=128": 0.5142479999999999,
            "seq_len=256": 0.5302534999999999,
            "seq_len=512": 0.5165995,
            "seq_len=1024": 0.52868,
            "seq_len=2048": 0.539362
        },
        "ema_slope_0.1": {
            "seq_len=64": 0.511744,
            "seq_len=128": 0.515594,
            "seq_len=256": 0.5282735,
            "seq_len=512": 0.5194285,
            "seq_len=1024": 0.5316609999999999,
            "seq_len=2048": 0.5461779999999999
        },
        "ema_slope_0.5": {
            "seq_len=64": 0.513107,
            "seq_len=128": 0.5171669999999999,
            "seq_len=256": 0.5282115000000001,
            "seq_len=512": 0.5200914999999999,
            "seq_len=1024": 0.533148,
            "seq_len=2048": 0.548536
        }
    },
    "TPR": {
        "loss": {
            "seq_len=64": 0.013,
            "seq_len=128": 0.015,
            "seq_len=256": 0.011,
            "seq_len=512": 0.011,
            "seq_len=1024": 0.016,
            "seq_len=2048": 0.016
        },
        "minkprob": {
            "seq_len=64": 0.015,
            "seq_len=128": 0.016,
            "seq_len=256": 0.012,
            "seq_len=512": 0.011,
            "seq_len=1024": 0.013,
            "seq_len=2048": 0.016
        },
        "ratio": {
            "seq_len=64": 0.012,
            "seq_len=128": 0.018,
            "seq_len=256": 0.017,
            "seq_len=512": 0.011,
            "seq_len=1024": 0.015,
            "seq_len=2048": 0.016
        },
        "ltiqr": {
            "seq_len=64": 0.006,
            "seq_len=128": 0.015,
            "seq_len=256": 0.012,
            "seq_len=512": 0.007,
            "seq_len=1024": 0.007,
            "seq_len=2048": 0.013
        },
        "ltmean": {
            "seq_len=64": 0.016,
            "seq_len=128": 0.01,
            "seq_len=256": 0.012,
            "seq_len=512": 0.007,
            "seq_len=1024": 0.012,
            "seq_len=2048": 0.013
        },
        "ltslope": {
            "seq_len=64": 0.011,
            "seq_len=128": 0.013,
            "seq_len=256": 0.014,
            "seq_len=512": 0.007,
            "seq_len=1024": 0.009,
            "seq_len=2048": 0.009
        },
        "clfa": {
            "seq_len=64": 0.009,
            "seq_len=128": 0.011,
            "seq_len=256": 0.014,
            "seq_len=512": 0.009,
            "seq_len=1024": 0.008,
            "seq_len=2048": 0.011
        },
        "fod_mean": {
            "seq_len=64": 0.017,
            "seq_len=128": 0.013,
            "seq_len=256": 0.013,
            "seq_len=512": 0.01,
            "seq_len=1024": 0.017,
            "seq_len=2048": 0.017
        },
        "fod_abs_mean": {
            "seq_len=64": 0.009,
            "seq_len=128": 0.011,
            "seq_len=256": 0.014,
            "seq_len=512": 0.009,
            "seq_len=1024": 0.008,
            "seq_len=2048": 0.011
        },
        "ema_iqr_0.1": {
            "seq_len=64": 0.006,
            "seq_len=128": 0.015,
            "seq_len=256": 0.013,
            "seq_len=512": 0.007,
            "seq_len=1024": 0.007,
            "seq_len=2048": 0.013
        },
        "ema_iqr_0.5": {
            "seq_len=64": 0.006,
            "seq_len=128": 0.015,
            "seq_len=256": 0.012,
            "seq_len=512": 0.006,
            "seq_len=1024": 0.007,
            "seq_len=2048": 0.015
        },
        "ema_slope_0.1": {
            "seq_len=64": 0.01,
            "seq_len=128": 0.013,
            "seq_len=256": 0.014,
            "seq_len=512": 0.007,
            "seq_len=1024": 0.009,
            "seq_len=2048": 0.009
        },
        "ema_slope_0.5": {
            "seq_len=64": 0.009,
            "seq_len=128": 0.013,
            "seq_len=256": 0.014,
            "seq_len=512": 0.007,
            "seq_len=1024": 0.009,
            "seq_len=2048": 0.009
        }
    }
}