{
    "AUC": {
        "loss": {
            "seq_len=64": 0.5114445,
            "seq_len=128": 0.5097145000000001,
            "seq_len=256": 0.49276200000000003,
            "seq_len=512": 0.509096,
            "seq_len=1024": 0.49921550000000003,
            "seq_len=2048": 0.5037825
        },
        "minkprob": {
            "seq_len=64": 0.49868,
            "seq_len=128": 0.4984545,
            "seq_len=256": 0.49742999999999993,
            "seq_len=512": 0.4934,
            "seq_len=1024": 0.4992755,
            "seq_len=2048": 0.503239
        },
        "ratio": {
            "seq_len=64": 0.49139449999999996,
            "seq_len=128": 0.487058,
            "seq_len=256": 0.484475,
            "seq_len=512": 0.491469,
            "seq_len=1024": 0.486562,
            "seq_len=2048": 0.483599
        },
        "ltiqr": {
            "seq_len=64": 0.519509,
            "seq_len=128": 0.508844,
            "seq_len=256": 0.5138545,
            "seq_len=512": 0.5185350000000001,
            "seq_len=1024": 0.5144485,
            "seq_len=2048": 0.498334
        },
        "ltmean": {
            "seq_len=64": 0.511416,
            "seq_len=128": 0.5109485,
            "seq_len=256": 0.4939155,
            "seq_len=512": 0.509164,
            "seq_len=1024": 0.49950799999999995,
            "seq_len=2048": 0.504404
        },
        "ltslope": {
            "seq_len=64": 0.502344,
            "seq_len=128": 0.498569,
            "seq_len=256": 0.503679,
            "seq_len=512": 0.5034885,
            "seq_len=1024": 0.5108465,
            "seq_len=2048": 0.510366
        },
        "clfa": {
            "seq_len=64": 0.5345855,
            "seq_len=128": 0.5344625000000001,
            "seq_len=256": 0.5297704999999999,
            "seq_len=512": 0.5154905,
            "seq_len=1024": 0.508678,
            "seq_len=2048": 0.5134585
        },
        "fod_mean": {
            "seq_len=64": 0.5153920000000001,
            "seq_len=128": 0.5126185,
            "seq_len=256": 0.4948475,
            "seq_len=512": 0.5113525,
            "seq_len=1024": 0.500337,
            "seq_len=2048": 0.505153
        },
        "fod_abs_mean": {
            "seq_len=64": 0.5345855,
            "seq_len=128": 0.5344625000000001,
            "seq_len=256": 0.5297704999999999,
            "seq_len=512": 0.5154905,
            "seq_len=1024": 0.508678,
            "seq_len=2048": 0.5134585
        },
        "ema_iqr_0.1": {
            "seq_len=64": 0.5147815,
            "seq_len=128": 0.509239,
            "seq_len=256": 0.516471,
            "seq_len=512": 0.521146,
            "seq_len=1024": 0.5111479999999999,
            "seq_len=2048": 0.498571
        },
        "ema_iqr_0.5": {
            "seq_len=64": 0.5099075000000001,
            "seq_len=128": 0.504325,
            "seq_len=256": 0.516497,
            "seq_len=512": 0.523311,
            "seq_len=1024": 0.508266,
            "seq_len=2048": 0.49715800000000004
        },
        "ema_slope_0.1": {
            "seq_len=64": 0.5029115,
            "seq_len=128": 0.498817,
            "seq_len=256": 0.5035689999999999,
            "seq_len=512": 0.503859,
            "seq_len=1024": 0.510456,
            "seq_len=2048": 0.510233
        },
        "ema_slope_0.5": {
            "seq_len=64": 0.5072765,
            "seq_len=128": 0.5013650000000001,
            "seq_len=256": 0.502655,
            "seq_len=512": 0.505561,
            "seq_len=1024": 0.5074059999999999,
            "seq_len=2048": 0.5101899999999999
        }
    },
    "TPR": {
        "loss": {
            "seq_len=64": 0.014,
            "seq_len=128": 0.01,
            "seq_len=256": 0.007,
            "seq_len=512": 0.01,
            "seq_len=1024": 0.009,
            "seq_len=2048": 0.009
        },
        "minkprob": {
            "seq_len=64": 0.014,
            "seq_len=128": 0.016,
            "seq_len=256": 0.01,
            "seq_len=512": 0.016,
            "seq_len=1024": 0.01,
            "seq_len=2048": 0.01
        },
        "ratio": {
            "seq_len=64": 0.012,
            "seq_len=128": 0.011,
            "seq_len=256": 0.008,
            "seq_len=512": 0.011,
            "seq_len=1024": 0.008,
            "seq_len=2048": 0.011
        },
        "ltiqr": {
            "seq_len=64": 0.012,
            "seq_len=128": 0.021,
            "seq_len=256": 0.012,
            "seq_len=512": 0.012,
            "seq_len=1024": 0.006,
            "seq_len=2048": 0.008
        },
        "ltmean": {
            "seq_len=64": 0.012,
            "seq_len=128": 0.012,
            "seq_len=256": 0.008,
            "seq_len=512": 0.009,
            "seq_len=1024": 0.01,
            "seq_len=2048": 0.009
        },
        "ltslope": {
            "seq_len=64": 0.018,
            "seq_len=128": 0.015,
            "seq_len=256": 0.018,
            "seq_len=512": 0.015,
            "seq_len=1024": 0.007,
            "seq_len=2048": 0.004
        },
        "clfa": {
            "seq_len=64": 0.008,
            "seq_len=128": 0.009,
            "seq_len=256": 0.011,
            "seq_len=512": 0.011,
            "seq_len=1024": 0.014,
            "seq_len=2048": 0.01
        },
        "fod_mean": {
            "seq_len=64": 0.014,
            "seq_len=128": 0.012,
            "seq_len=256": 0.005,
            "seq_len=512": 0.006,
            "seq_len=1024": 0.014,
            "seq_len=2048": 0.01
        },
        "fod_abs_mean": {
            "seq_len=64": 0.008,
            "seq_len=128": 0.009,
            "seq_len=256": 0.011,
            "seq_len=512": 0.011,
            "seq_len=1024": 0.014,
            "seq_len=2048": 0.01
        },
        "ema_iqr_0.1": {
            "seq_len=64": 0.012,
            "seq_len=128": 0.024,
            "seq_len=256": 0.012,
            "seq_len=512": 0.011,
            "seq_len=1024": 0.009,
            "seq_len=2048": 0.009
        },
        "ema_iqr_0.5": {
            "seq_len=64": 0.013,
            "seq_len=128": 0.024,
            "seq_len=256": 0.011,
            "seq_len=512": 0.012,
            "seq_len=1024": 0.008,
            "seq_len=2048": 0.007
        },
        "ema_slope_0.1": {
            "seq_len=64": 0.018,
            "seq_len=128": 0.015,
            "seq_len=256": 0.018,
            "seq_len=512": 0.015,
            "seq_len=1024": 0.007,
            "seq_len=2048": 0.004
        },
        "ema_slope_0.5": {
            "seq_len=64": 0.016,
            "seq_len=128": 0.016,
            "seq_len=256": 0.015,
            "seq_len=512": 0.014,
            "seq_len=1024": 0.007,
            "seq_len=2048": 0.004
        }
    }
}