{
    "AUC": {
        "loss": {
            "seq_len=64": 0.5042665,
            "seq_len=128": 0.5061835,
            "seq_len=256": 0.505207,
            "seq_len=512": 0.5123445,
            "seq_len=1024": 0.512532,
            "seq_len=2048": 0.5120210000000001
        },
        "minkprob": {
            "seq_len=64": 0.5306185,
            "seq_len=128": 0.537859,
            "seq_len=256": 0.545553,
            "seq_len=512": 0.5475924999999999,
            "seq_len=1024": 0.5612615,
            "seq_len=2048": 0.5437715
        },
        "ratio": {
            "seq_len=64": 0.4895505,
            "seq_len=128": 0.47655050000000004,
            "seq_len=256": 0.472201,
            "seq_len=512": 0.47468750000000004,
            "seq_len=1024": 0.4724415,
            "seq_len=2048": 0.48703
        },
        "ltiqr": {
            "seq_len=64": 0.49961999999999995,
            "seq_len=128": 0.504135,
            "seq_len=256": 0.52547,
            "seq_len=512": 0.538696,
            "seq_len=1024": 0.530783,
            "seq_len=2048": 0.5242905
        },
        "ltmean": {
            "seq_len=64": 0.505085,
            "seq_len=128": 0.5057055,
            "seq_len=256": 0.5050135,
            "seq_len=512": 0.5114455,
            "seq_len=1024": 0.512108,
            "seq_len=2048": 0.511462
        },
        "ltslope": {
            "seq_len=64": 0.5153734999999999,
            "seq_len=128": 0.5151505000000001,
            "seq_len=256": 0.5187405,
            "seq_len=512": 0.5262180000000001,
            "seq_len=1024": 0.5278634999999999,
            "seq_len=2048": 0.5207054999999999
        },
        "clfa": {
            "seq_len=64": 0.500938,
            "seq_len=128": 0.50641,
            "seq_len=256": 0.5132855000000001,
            "seq_len=512": 0.5283855,
            "seq_len=1024": 0.534859,
            "seq_len=2048": 0.540748
        },
        "fod_mean": {
            "seq_len=64": 0.5043155,
            "seq_len=128": 0.503718,
            "seq_len=256": 0.5047895,
            "seq_len=512": 0.5098605,
            "seq_len=1024": 0.510642,
            "seq_len=2048": 0.5103875
        },
        "fod_abs_mean": {
            "seq_len=64": 0.500938,
            "seq_len=128": 0.50641,
            "seq_len=256": 0.5132855000000001,
            "seq_len=512": 0.5283855,
            "seq_len=1024": 0.534859,
            "seq_len=2048": 0.540748
        },
        "ema_iqr_0.1": {
            "seq_len=64": 0.498864,
            "seq_len=128": 0.504712,
            "seq_len=256": 0.5272600000000001,
            "seq_len=512": 0.537412,
            "seq_len=1024": 0.530289,
            "seq_len=2048": 0.5259469999999999
        },
        "ema_iqr_0.5": {
            "seq_len=64": 0.49836400000000003,
            "seq_len=128": 0.508547,
            "seq_len=256": 0.523147,
            "seq_len=512": 0.529757,
            "seq_len=1024": 0.530857,
            "seq_len=2048": 0.52691
        },
        "ema_slope_0.1": {
            "seq_len=64": 0.515629,
            "seq_len=128": 0.515147,
            "seq_len=256": 0.518565,
            "seq_len=512": 0.526033,
            "seq_len=1024": 0.527271,
            "seq_len=2048": 0.520448
        },
        "ema_slope_0.5": {
            "seq_len=64": 0.516097,
            "seq_len=128": 0.514817,
            "seq_len=256": 0.516935,
            "seq_len=512": 0.5248680000000001,
            "seq_len=1024": 0.524642,
            "seq_len=2048": 0.5193019999999999
        }
    },
    "TPR": {
        "loss": {
            "seq_len=64": 0.009,
            "seq_len=128": 0.007,
            "seq_len=256": 0.009,
            "seq_len=512": 0.008,
            "seq_len=1024": 0.006,
            "seq_len=2048": 0.008
        },
        "minkprob": {
            "seq_len=64": 0.015,
            "seq_len=128": 0.007,
            "seq_len=256": 0.012,
            "seq_len=512": 0.014,
            "seq_len=1024": 0.009,
            "seq_len=2048": 0.015
        },
        "ratio": {
            "seq_len=64": 0.01,
            "seq_len=128": 0.009,
            "seq_len=256": 0.009,
            "seq_len=512": 0.007,
            "seq_len=1024": 0.006,
            "seq_len=2048": 0.008
        },
        "ltiqr": {
            "seq_len=64": 0.008,
            "seq_len=128": 0.011,
            "seq_len=256": 0.01,
            "seq_len=512": 0.007,
            "seq_len=1024": 0.018,
            "seq_len=2048": 0.021
        },
        "ltmean": {
            "seq_len=64": 0.01,
            "seq_len=128": 0.007,
            "seq_len=256": 0.008,
            "seq_len=512": 0.009,
            "seq_len=1024": 0.006,
            "seq_len=2048": 0.008
        },
        "ltslope": {
            "seq_len=64": 0.003,
            "seq_len=128": 0.004,
            "seq_len=256": 0.013,
            "seq_len=512": 0.021,
            "seq_len=1024": 0.025,
            "seq_len=2048": 0.019
        },
        "clfa": {
            "seq_len=64": 0.01,
            "seq_len=128": 0.009,
            "seq_len=256": 0.008,
            "seq_len=512": 0.011,
            "seq_len=1024": 0.01,
            "seq_len=2048": 0.01
        },
        "fod_mean": {
            "seq_len=64": 0.011,
            "seq_len=128": 0.009,
            "seq_len=256": 0.007,
            "seq_len=512": 0.006,
            "seq_len=1024": 0.005,
            "seq_len=2048": 0.008
        },
        "fod_abs_mean": {
            "seq_len=64": 0.01,
            "seq_len=128": 0.009,
            "seq_len=256": 0.008,
            "seq_len=512": 0.011,
            "seq_len=1024": 0.01,
            "seq_len=2048": 0.01
        },
        "ema_iqr_0.1": {
            "seq_len=64": 0.008,
            "seq_len=128": 0.012,
            "seq_len=256": 0.013,
            "seq_len=512": 0.007,
            "seq_len=1024": 0.019,
            "seq_len=2048": 0.021
        },
        "ema_iqr_0.5": {
            "seq_len=64": 0.00825,
            "seq_len=128": 0.015,
            "seq_len=256": 0.01,
            "seq_len=512": 0.008,
            "seq_len=1024": 0.025,
            "seq_len=2048": 0.023
        },
        "ema_slope_0.1": {
            "seq_len=64": 0.005,
            "seq_len=128": 0.004,
            "seq_len=256": 0.014,
            "seq_len=512": 0.022,
            "seq_len=1024": 0.024,
            "seq_len=2048": 0.022
        },
        "ema_slope_0.5": {
            "seq_len=64": 0.008,
            "seq_len=128": 0.008,
            "seq_len=256": 0.012,
            "seq_len=512": 0.02,
            "seq_len=1024": 0.025,
            "seq_len=2048": 0.017
        }
    }
}