{
    "AUC": {
        "loss": {
            "seq_len=64": 0.4833305,
            "seq_len=128": 0.49440500000000004,
            "seq_len=256": 0.4981965,
            "seq_len=512": 0.50203,
            "seq_len=1024": 0.508799,
            "seq_len=2048": 0.498096
        },
        "minkprob": {
            "seq_len=64": 0.49624949999999995,
            "seq_len=128": 0.49340400000000006,
            "seq_len=256": 0.5026204999999999,
            "seq_len=512": 0.499304,
            "seq_len=1024": 0.511155,
            "seq_len=2048": 0.49448400000000003
        },
        "ratio": {
            "seq_len=64": 0.499178,
            "seq_len=128": 0.49367700000000003,
            "seq_len=256": 0.48930850000000004,
            "seq_len=512": 0.4934945,
            "seq_len=1024": 0.486665,
            "seq_len=2048": 0.48941900000000005
        },
        "ltiqr": {
            "seq_len=64": 0.5135575,
            "seq_len=128": 0.505498,
            "seq_len=256": 0.524104,
            "seq_len=512": 0.5380969999999999,
            "seq_len=1024": 0.5336045,
            "seq_len=2048": 0.523738
        },
        "ltmean": {
            "seq_len=64": 0.48376399999999997,
            "seq_len=128": 0.494133,
            "seq_len=256": 0.49812649999999997,
            "seq_len=512": 0.5014565,
            "seq_len=1024": 0.508594,
            "seq_len=2048": 0.49848
        },
        "ltslope": {
            "seq_len=64": 0.509064,
            "seq_len=128": 0.512217,
            "seq_len=256": 0.517482,
            "seq_len=512": 0.521965,
            "seq_len=1024": 0.516775,
            "seq_len=2048": 0.502953
        },
        "clfa": {
            "seq_len=64": 0.502489,
            "seq_len=128": 0.5142035,
            "seq_len=256": 0.5277335000000001,
            "seq_len=512": 0.5308,
            "seq_len=1024": 0.547233,
            "seq_len=2048": 0.53568
        },
        "fod_mean": {
            "seq_len=64": 0.48105600000000004,
            "seq_len=128": 0.491239,
            "seq_len=256": 0.495223,
            "seq_len=512": 0.4983065,
            "seq_len=1024": 0.506265,
            "seq_len=2048": 0.4972905
        },
        "fod_abs_mean": {
            "seq_len=64": 0.502489,
            "seq_len=128": 0.5142035,
            "seq_len=256": 0.5277335000000001,
            "seq_len=512": 0.5308,
            "seq_len=1024": 0.547233,
            "seq_len=2048": 0.53568
        },
        "ema_iqr_0.1": {
            "seq_len=64": 0.5142500000000001,
            "seq_len=128": 0.5034879999999999,
            "seq_len=256": 0.52096,
            "seq_len=512": 0.538156,
            "seq_len=1024": 0.53234,
            "seq_len=2048": 0.522941
        },
        "ema_iqr_0.5": {
            "seq_len=64": 0.5078469999999999,
            "seq_len=128": 0.500843,
            "seq_len=256": 0.522922,
            "seq_len=512": 0.538557,
            "seq_len=1024": 0.5345899999999999,
            "seq_len=2048": 0.525368
        },
        "ema_slope_0.1": {
            "seq_len=64": 0.508769,
            "seq_len=128": 0.511698,
            "seq_len=256": 0.517244,
            "seq_len=512": 0.5215920000000001,
            "seq_len=1024": 0.516613,
            "seq_len=2048": 0.503094
        },
        "ema_slope_0.5": {
            "seq_len=64": 0.5066080000000001,
            "seq_len=128": 0.508641,
            "seq_len=256": 0.516038,
            "seq_len=512": 0.519256,
            "seq_len=1024": 0.51601,
            "seq_len=2048": 0.501528
        }
    },
    "TPR": {
        "loss": {
            "seq_len=64": 0.013,
            "seq_len=128": 0.006,
            "seq_len=256": 0.014,
            "seq_len=512": 0.015,
            "seq_len=1024": 0.019,
            "seq_len=2048": 0.018
        },
        "minkprob": {
            "seq_len=64": 0.006,
            "seq_len=128": 0.004,
            "seq_len=256": 0.014,
            "seq_len=512": 0.01,
            "seq_len=1024": 0.015,
            "seq_len=2048": 0.018
        },
        "ratio": {
            "seq_len=64": 0.009,
            "seq_len=128": 0.006,
            "seq_len=256": 0.006,
            "seq_len=512": 0.009,
            "seq_len=1024": 0.01,
            "seq_len=2048": 0.008
        },
        "ltiqr": {
            "seq_len=64": 0.018,
            "seq_len=128": 0.021,
            "seq_len=256": 0.015,
            "seq_len=512": 0.015,
            "seq_len=1024": 0.017,
            "seq_len=2048": 0.022
        },
        "ltmean": {
            "seq_len=64": 0.012,
            "seq_len=128": 0.006,
            "seq_len=256": 0.014,
            "seq_len=512": 0.014,
            "seq_len=1024": 0.02,
            "seq_len=2048": 0.018
        },
        "ltslope": {
            "seq_len=64": 0.015,
            "seq_len=128": 0.014,
            "seq_len=256": 0.011,
            "seq_len=512": 0.009,
            "seq_len=1024": 0.015,
            "seq_len=2048": 0.006
        },
        "clfa": {
            "seq_len=64": 0.019,
            "seq_len=128": 0.014,
            "seq_len=256": 0.022,
            "seq_len=512": 0.017,
            "seq_len=1024": 0.021,
            "seq_len=2048": 0.018
        },
        "fod_mean": {
            "seq_len=64": 0.01,
            "seq_len=128": 0.007,
            "seq_len=256": 0.014,
            "seq_len=512": 0.013,
            "seq_len=1024": 0.018,
            "seq_len=2048": 0.016
        },
        "fod_abs_mean": {
            "seq_len=64": 0.019,
            "seq_len=128": 0.014,
            "seq_len=256": 0.022,
            "seq_len=512": 0.017,
            "seq_len=1024": 0.021,
            "seq_len=2048": 0.018
        },
        "ema_iqr_0.1": {
            "seq_len=64": 0.018,
            "seq_len=128": 0.019,
            "seq_len=256": 0.013,
            "seq_len=512": 0.015,
            "seq_len=1024": 0.018,
            "seq_len=2048": 0.021
        },
        "ema_iqr_0.5": {
            "seq_len=64": 0.017,
            "seq_len=128": 0.019,
            "seq_len=256": 0.015,
            "seq_len=512": 0.014,
            "seq_len=1024": 0.02,
            "seq_len=2048": 0.021
        },
        "ema_slope_0.1": {
            "seq_len=64": 0.014,
            "seq_len=128": 0.014,
            "seq_len=256": 0.012,
            "seq_len=512": 0.009,
            "seq_len=1024": 0.015,
            "seq_len=2048": 0.006
        },
        "ema_slope_0.5": {
            "seq_len=64": 0.015,
            "seq_len=128": 0.011,
            "seq_len=256": 0.012,
            "seq_len=512": 0.01,
            "seq_len=1024": 0.015,
            "seq_len=2048": 0.01
        }
    }
}