{
    "AUC": {
        "clfa": {
            "seq_len=64": 0.48352500000000004,
            "seq_len=128": 0.48306999999999994,
            "seq_len=256": 0.4942265,
            "seq_len=512": 0.49727999999999994,
            "seq_len=1024": 0.488043,
            "seq_len=2048": 0.48322350000000003
        },
        "s2conv": {
            "seq_len=64": 0.5079875000000001,
            "seq_len=128": 0.5048945,
            "seq_len=256": 0.5005705,
            "seq_len=512": 0.49608549999999996,
            "seq_len=1024": 0.49859200000000004,
            "seq_len=2048": 0.5078705
        },
        "ltiqr": {
            "seq_len=64": 0.48482499999999995,
            "seq_len=128": 0.4897435,
            "seq_len=256": 0.4965155,
            "seq_len=512": 0.5022009999999999,
            "seq_len=1024": 0.501421,
            "seq_len=2048": 0.48904
        },
        "ltmean": {
            "seq_len=64": 0.4823755,
            "seq_len=128": 0.4774705,
            "seq_len=256": 0.48791199999999996,
            "seq_len=512": 0.5036824999999999,
            "seq_len=1024": 0.503455,
            "seq_len=2048": 0.497302
        },
        "ltslope": {
            "seq_len=64": 0.5025565,
            "seq_len=128": 0.49687,
            "seq_len=256": 0.49819599999999997,
            "seq_len=512": 0.4913605,
            "seq_len=1024": 0.49579650000000003,
            "seq_len=2048": 0.4895615
        }
    },
    "TPR": {
        "clfa": {
            "seq_len=64": 0.016,
            "seq_len=128": 0.011,
            "seq_len=256": 0.009,
            "seq_len=512": 0.011,
            "seq_len=1024": 0.009,
            "seq_len=2048": 0.013
        },
        "s2conv": {
            "seq_len=64": 0.014761904761904763,
            "seq_len=128": 0.006862745098039216,
            "seq_len=256": 0.011000000000000003,
            "seq_len=512": 0.005,
            "seq_len=1024": 0.015,
            "seq_len=2048": 0.018
        },
        "ltiqr": {
            "seq_len=64": 0.013,
            "seq_len=128": 0.011,
            "seq_len=256": 0.017,
            "seq_len=512": 0.023,
            "seq_len=1024": 0.017,
            "seq_len=2048": 0.02
        },
        "ltmean": {
            "seq_len=64": 0.016,
            "seq_len=128": 0.012,
            "seq_len=256": 0.014,
            "seq_len=512": 0.012,
            "seq_len=1024": 0.012,
            "seq_len=2048": 0.01
        },
        "ltslope": {
            "seq_len=64": 0.008,
            "seq_len=128": 0.016,
            "seq_len=256": 0.015,
            "seq_len=512": 0.016,
            "seq_len=1024": 0.015,
            "seq_len=2048": 0.014
        }
    }
}