{
    "AUC": {
        "clfa": {
            "seq_len=64": 0.5143135,
            "seq_len=128": 0.5270819999999999,
            "seq_len=256": 0.5305500000000001,
            "seq_len=512": 0.534127,
            "seq_len=1024": 0.5516125,
            "seq_len=2048": 0.5605335
        },
        "s2conv": {
            "seq_len=64": 0.49938050000000006,
            "seq_len=128": 0.5026930000000001,
            "seq_len=256": 0.4937075,
            "seq_len=512": 0.49056150000000004,
            "seq_len=1024": 0.4927985000000001,
            "seq_len=2048": 0.5080730000000001
        },
        "ltiqr": {
            "seq_len=64": 0.5174375,
            "seq_len=128": 0.5068665,
            "seq_len=256": 0.522593,
            "seq_len=512": 0.536742,
            "seq_len=1024": 0.5306615,
            "seq_len=2048": 0.5238905
        },
        "ltmean": {
            "seq_len=64": 0.509296,
            "seq_len=128": 0.5120439999999999,
            "seq_len=256": 0.507378,
            "seq_len=512": 0.5214815,
            "seq_len=1024": 0.517927,
            "seq_len=2048": 0.497268
        },
        "ltslope": {
            "seq_len=64": 0.5127,
            "seq_len=128": 0.516344,
            "seq_len=256": 0.5186069999999999,
            "seq_len=512": 0.523173,
            "seq_len=1024": 0.513847,
            "seq_len=2048": 0.503375
        }
    },
    "TPR": {
        "clfa": {
            "seq_len=64": 0.021,
            "seq_len=128": 0.011,
            "seq_len=256": 0.009,
            "seq_len=512": 0.013,
            "seq_len=1024": 0.028,
            "seq_len=2048": 0.015
        },
        "s2conv": {
            "seq_len=64": 0.014466666666666666,
            "seq_len=128": 0.014500000000000002,
            "seq_len=256": 0.017,
            "seq_len=512": 0.00975,
            "seq_len=1024": 0.011,
            "seq_len=2048": 0.018666666666666665
        },
        "ltiqr": {
            "seq_len=64": 0.017,
            "seq_len=128": 0.019,
            "seq_len=256": 0.013,
            "seq_len=512": 0.015,
            "seq_len=1024": 0.019,
            "seq_len=2048": 0.018
        },
        "ltmean": {
            "seq_len=64": 0.017,
            "seq_len=128": 0.01,
            "seq_len=256": 0.018,
            "seq_len=512": 0.008,
            "seq_len=1024": 0.021,
            "seq_len=2048": 0.012
        },
        "ltslope": {
            "seq_len=64": 0.021,
            "seq_len=128": 0.014,
            "seq_len=256": 0.02,
            "seq_len=512": 0.015,
            "seq_len=1024": 0.016,
            "seq_len=2048": 0.01
        }
    }
}